,Seat,Candidate,Party,Raised,Spent,Winner,Incumbent
0,AL01,Jerry Carl ,gop,"$1,971,321","$1,859,349",Y,N
0,AL01,James Averhart ,dem,"$80,095","$78,973",N,N
0,AL02,Barry Moore ,gop,"$650,807","$669,368",Y,N
0,AL02,Phyllis Harvey-Hall ,dem,"$56,050","$55,988",N,N
0,AL03,Mike D Rogers ,gop,"$1,193,111","$1,218,564",Y,Y
0,AL03,Adia Winfrey ,dem,"$50,273","$40,971",N,N
0,AL04,Robert B Aderholt ,gop,"$1,255,076","$1,323,812",Y,Y
0,AL05,Mo Brooks ,gop,"$655,365","$210,045",Y,Y
0,AL06,Gary Palmer ,gop,"$907,219","$909,082",Y,Y
0,AL07,Terri Sewell ,dem,"$2,168,165","$1,495,957",Y,Y
0,AK01,Don Young ,gop,"$1,922,901","$1,790,448",Y,Y
0,AK01,Alyse Galvin ,gop,"$5,178,452","$5,088,103",N,N
0,AZ01,Tom O'Halleran ,dem,"$3,381,353","$3,324,138",Y,Y
0,AZ01,Tiffany Shedd ,gop,"$1,675,618","$1,615,704",N,N
0,AZ02,Ann Kirkpatrick ,dem,"$1,849,862","$1,384,765",Y,Y
0,AZ02,Brandon Martin ,gop,"$374,821","$381,067",N,N
0,AZ03,Raul M Grijalva ,dem,"$843,560","$655,507",Y,Y
0,AZ03,Daniel Wood ,gop,"$41,422","$41,962",N,N
0,AZ04,Paul Gosar ,gop,"$622,151","$729,892",Y,Y
0,AZ04,Delina DiSanto ,dem,"$77,168","$79,758",N,N
0,AZ05,Andy Biggs ,gop,"$1,602,181","$1,236,380",Y,Y
0,AZ05,Joan Greene ,dem,"$356,069","$209,789",N,N
0,AZ06,David Schweikert ,gop,"$2,265,329","$2,249,979",Y,Y
0,AZ06,Hiral Tipirneni ,dem,"$6,301,073","$6,366,702",N,N
0,AZ06,Tom Lewellen ,dem,"$11,685","$11,000",N,N
0,AZ07,Ruben Gallego ,dem,"$1,811,754","$1,653,961",Y,Y
0,AZ07,Josh Barnett ,gop,"$28,093","$17,883",N,N
0,AZ08,Debbie Lesko ,gop,"$1,605,245","$987,453",Y,Y
0,AZ08,Michael Muscato ,dem,"$357,906","$347,734",N,N
0,AZ09,Greg Stanton ,dem,"$2,001,619","$1,001,350",Y,Y
0,AZ09,Dave Giles ,gop,"$130,480","$129,935",N,N
0,AR01,Rick Crawford ,gop,"$966,801","$1,095,518",Y,Y
0,AR02,French Hill ,gop,"$3,384,490","$3,020,491",Y,Y
0,AR02,Joyce Elliott ,dem,"$3,482,463","$3,478,733",N,N
0,AR03,Steve Womack ,gop,"$1,127,158","$923,120",Y,Y
0,AR03,Celeste Williams ,dem,"$355,294","$355,294",N,N
0,AR04,Bruce Westerman ,gop,"$1,407,770","$1,102,573",Y,Y
0,AR04,William Hanson ,dem,"$109,767","$111,683",N,N
0,CA01,Doug LaMalfa ,gop,"$1,219,556","$1,155,945",Y,Y
0,CA01,Audrey Denney ,dem,"$2,461,769","$2,457,661",N,N
0,CA02,Jared Huffman ,dem,"$899,419","$797,753",Y,Y
0,CA02,Dale Mensing ,gop,"$5,921","$2,197",N,N
0,CA03,John Garamendi ,dem,"$1,054,066","$667,320",Y,Y
0,CA03,Tamika Hamilton ,gop,"$397,099","$384,584",N,N
0,CA04,Tom McClintock ,gop,"$2,053,363","$2,107,248",Y,Y
0,CA04,Brynne Kennedy ,dem,"$3,006,020","$3,002,532",N,N
0,CA05,Mike Thompson ,dem,"$2,208,136","$2,022,751",Y,Y
0,CA06,Doris Matsui ,dem,"$1,019,605","$1,073,529",Y,Y
0,CA06,Christine Bish ,gop,"$44,772","$44,554",N,N
0,CA07,Ami Bera ,dem,"$1,757,748","$1,053,444",Y,Y
0,CA07,Buzz Patterson ,gop,"$43,876","$29,614",N,N
0,CA08,Jay Obernolte ,gop,"$1,861,647","$1,792,064",Y,N
0,CA08,Chris Bubser ,dem,"$1,858,001","$1,856,613",N,N
0,CA09,Jerry McNerney ,dem,"$1,177,959","$1,112,543",Y,Y
0,CA09,Tony Amador ,gop,"$52,175","$52,175",N,N
0,CA10,Josh Harder ,dem,"$7,400,135","$3,950,613",Y,Y
0,CA10,Ted Howze ,gop,"$1,426,552","$1,721,882",N,N
0,CA11,Mark Desaulnier ,dem,"$610,394","$440,537",Y,Y
0,CA11,Nisha Sharma ,gop,"$174,954","$171,870",N,N
0,CA12,Nancy Pelosi ,dem,"$27,359,508","$22,064,953",Y,Y
0,CA12,Shahid Buttar ,dem,"$1,672,876","$1,650,467",N,N
0,CA13,Barbara Lee ,dem,"$1,828,213","$1,750,142",Y,Y
0,CA13,Nikka Piterman ,gop,"$9,839","$9,904",N,N
0,CA14,Jackie Speier ,dem,"$942,934","$919,599",Y,Y
0,CA15,Eric Swalwell ,dem,"$2,807,774","$3,977,839",Y,Y
0,CA16,Jim Costa ,dem,"$2,135,525","$1,835,244",Y,Y
0,CA16,Kevin Cookingham ,gop,"$265,364","$265,364",N,N
0,CA17,Ro Khanna ,dem,"$3,837,982","$2,455,457",Y,Y
0,CA17,Ritesh Tandon ,gop,"$175,536","$175,015",N,N
0,CA18,Anna Eshoo ,dem,"$2,114,909","$2,059,158",Y,Y
0,CA18,Rishi Kumar ,dem,"$674,383","$691,938",N,N
0,CA19,Zoe Lofgren ,dem,"$1,755,555","$1,731,700",Y,Y
0,CA19,Justin Aguilera ,gop,"$9,112","$11,542",N,N
0,CA20,Jimmy Panetta ,dem,"$2,009,894","$1,592,671",Y,Y
0,CA20,Jeff Gorman ,gop,"$67,634","$64,947",N,N
0,CA21,TJ Cox ,dem,"$5,695,157","$5,694,005",N,Y
0,CA21,David Valadao ,gop,"$4,067,880","$3,982,587",Y,N
0,CA22,Devin Nunes ,gop,"$26,825,212","$20,156,093",Y,Y
0,CA22,Phil Arballo ,dem,"$5,091,451","$5,062,185",N,N
0,CA23,Kevin McCarthy ,gop,"$27,780,644","$24,265,583",Y,Y
0,CA23,Kim Mangone ,dem,"$1,671,101","$1,665,373",N,N
0,CA24,Salud Carbajal ,dem,"$2,117,836","$1,451,622",Y,Y
0,CA24,Andy Caldwell ,gop,"$1,298,798","$1,268,199",N,N
0,CA25,Mike Garcia ,gop,"$9,962,507","$9,584,648",Y,Y
0,CA25,Christy Smith ,dem,"$5,977,734","$5,808,477",N,N
0,CA26,Julia Brownley ,dem,"$1,976,695","$1,314,677",Y,Y
0,CA26,Ronda Kennedy ,gop,"$246,226","$67,208",N,N
0,CA27,Judy Chu ,dem,"$1,213,706","$956,298",Y,Y
0,CA27,Johnny Nalbandian ,gop,"$39,584","$39,159",N,N
0,CA28,Adam Schiff ,dem,"$19,382,855","$10,188,664",Y,Y
0,CA28,Eric Early ,gop,"$4,085,322","$3,790,027",N,N
0,CA29,Tony Cardenas ,dem,"$1,419,697","$1,213,588",Y,Y
0,CA29,Angelica Duenas ,dem,"$78,083","$76,627",N,N
0,CA30,Brad Sherman ,dem,"$1,513,374","$1,111,826",Y,Y
0,CA31,Pete Aguilar ,dem,"$2,475,748","$1,861,434",Y,Y
0,CA31,Agnes Gibboney ,gop,"$138,687","$127,907",N,N
0,CA32,Grace Napolitano ,dem,"$478,426","$251,047",Y,Y
0,CA32,Joshua Scott ,gop,"$23,624","$14,248",N,N
0,CA33,Ted Lieu ,dem,"$1,661,436","$1,582,573",Y,Y
0,CA33,James Bradley ,gop,"$78,910","$79,035",N,N
0,CA34,Jimmy Gomez ,dem,"$1,401,166","$1,268,312",Y,Y
0,CA34,David Kim ,dem,"$193,430","$80,381",N,N
0,CA35,Norma Torres ,dem,"$654,727","$664,600",Y,Y
0,CA35,Mike Cargile ,gop,"$36,113","$35,915",N,N
0,CA36,Raul Ruiz ,dem,"$2,402,624","$1,732,443",Y,Y
0,CA36,Erin Cruz ,gop,"$54,217","$53,840",N,N
0,CA37,Karen Bass ,dem,"$2,216,467","$1,202,942",Y,Y
0,CA37,Errol Webber ,gop,"$66,398","$174,076",N,N
0,CA38,Linda Sanchez ,dem,"$1,246,008","$1,140,165",Y,Y
0,CA39,Gil Cisneros ,dem,"$4,370,133","$4,350,464",N,Y
0,CA39,Young Kim ,gop,"$6,424,556","$6,021,651",Y,N
0,CA40,Lucille Roybal-Allard ,dem,"$739,790","$741,379",Y,Y
0,CA40,Antonio Delgado ,gop,"$85,014","$79,270",N,N
0,CA41,Mark Takano ,dem,"$1,020,456","$949,494",Y,Y
0,CA41,Aja Smith ,gop,"$660,658","$659,909",N,N
0,CA42,Ken Calvert ,gop,"$1,441,812","$1,549,113",Y,Y
0,CA42,Liam O'Mara ,dem,"$130,065","$128,782",N,N
0,CA43,Maxine Waters ,dem,"$1,836,660","$1,906,957",Y,Y
0,CA43,Joe Collins ,gop,"$10,556,626","$9,921,103",N,N
0,CA44,Nanette Barragan ,dem,"$1,173,909","$714,023",Y,Y
0,CA45,Katie Porter ,dem,"$16,627,706","$6,443,700",Y,Y
0,CA45,Greg Raths ,gop,"$1,245,767","$1,241,713",N,N
0,CA46,Lou Correa ,dem,"$1,192,715","$650,707",Y,Y
0,CA47,Alan Lowenthal ,dem,"$678,648","$854,902",Y,Y
0,CA47,John Briscoe ,gop,"$25,302","$21,538",N,N
0,CA48,Harley Rouda ,dem,"$5,968,858","$6,174,443",N,Y
0,CA48,Michelle Steel ,gop,"$6,305,665","$6,148,591",Y,N
0,CA49,Mike Levin ,dem,"$3,845,768","$2,901,566",Y,Y
0,CA49,Brian Maryott ,gop,"$2,810,253","$2,808,217",N,N
0,CA50,Darrell Issa ,gop,"$11,239,670","$10,947,106",Y,N
0,CA50,Ammar Campa-Najjar ,dem,"$6,248,210","$6,247,762",N,N
0,CA51,Juan Vargas ,dem,"$799,734","$801,671",Y,Y
0,CA51,Juan Hidalgo ,gop,"$83,730","$81,182",N,N
0,CA52,Scott Peters ,dem,"$1,911,791","$2,131,849",Y,Y
0,CA52,James Debello ,gop,"$233,464","$224,630",N,N
0,CO01,Diana DeGette ,dem,"$1,201,026","$1,077,130",Y,Y
0,CO02,Joseph Neguse ,dem,"$1,353,325","$674,602",Y,Y
0,CO02,Charles Winn ,gop,"$98,338","$98,338",N,N
0,CO02,Alex Johnson ,gop,"$4,782","$4,093",N,N
0,CO03,Diane Mitsch Bush ,dem,"$5,008,274","$4,984,238",N,N
0,CO03,Lauren Boebert ,gop,"$2,989,510","$2,632,716",Y,N
0,CO03,Chris Milton ,gop,"$12,012","$12,012",N,N
0,CO04,Ken Buck ,gop,"$478,984","$539,393",Y,Y
0,CO04,Ike McCorkle ,dem,"$369,871","$217,398",N,N
0,CO05,Doug Lamborn ,gop,"$540,712","$329,011",Y,Y
0,CO05,Jillian Freeland ,dem,"$185,255","$175,548",N,N
0,CO05,Rebecca Keltie ,dem,"$2,552","$1,495",N,N
0,CO06,Jason Crow ,dem,"$4,136,137","$2,892,443",Y,Y
0,CO06,Steven House ,gop,"$1,200,056","$1,198,044",N,N
0,CO06,Jaimie Kulikowski ,gop,"$72,293","$110,645",N,N
0,CO07,Ed Perlmutter ,dem,"$1,632,262","$1,339,482",Y,Y
0,CO07,Casper Stockham ,gop,"$147,872","$147,872",N,N
0,CO07,Anthony Malgieri ,gop,"$1,930","$1,958",N,N
0,CO08,Yadira Caraveo ,dem,"$3,127,799","$2,533,756",N,N
0,CO08,Barb Kirkmeyer ,gop,"$1,358,670","$1,238,284",N,N
0,CT01,John Larson ,dem,"$1,377,238","$1,323,690",Y,Y
0,CT01,Mary Fay ,gop,"$26,836","$25,118",N,N
0,CT02,Joe Courtney ,dem,"$964,731","$999,360",Y,Y
0,CT02,Justin Anderson ,gop,"$80,227","$78,767",N,N
0,CT03,Rosa DeLauro ,dem,"$1,938,999","$1,795,635",Y,Y
0,CT03,Margaret Streicker ,gop,"$1,839,080","$1,835,385",N,N
0,CT03,Justin Paglino ,gop,"$29,200","$28,670",N,N
0,CT04,Jim Himes ,dem,"$1,612,935","$2,180,029",Y,Y
0,CT04,Jonathan Riddle ,gop,"$31,591","$17,385",N,N
0,CT05,Jahana Hayes ,dem,"$2,037,826","$1,564,685",Y,Y
0,CT05,David Sullivan ,gop,"$397,395","$397,370",N,N
0,DE01,Lisa Blunt Rochester ,dem,"$2,024,201","$1,305,618",Y,Y
0,DE01,Lee Murphy ,gop,"$131,394","$131,862",N,N
0,DE01,Catherine Purcell ,gop,"$5,344","$5,103",N,N
0,FL01,Matt Gaetz ,gop,"$5,946,646","$4,482,782",Y,Y
0,FL01,Phil Ehr ,dem,"$2,025,099","$1,900,451",N,N
0,FL01,Bert Oram ,dem,"$8,108","$7,070",N,N
0,FL02,Neal Dunn ,gop,"$653,488","$637,580",Y,Y
0,FL02,Kristy Thripp ,gop,$145,$145,N,N
0,FL03,Kat Cammack ,gop,"$1,122,188","$1,090,334",Y,N
0,FL03,Adam Christensen ,dem,"$216,021","$219,108",N,N
0,FL04,John Rutherford ,gop,"$1,024,912","$1,283,701",Y,Y
0,FL04,Donna Deegan ,dem,"$1,013,157","$1,013,157",N,N
0,FL05,Al Lawson ,dem,"$848,498","$695,779",Y,Y
0,FL05,Gary Adler ,gop,"$146,909","$146,909",N,N
0,FL06,Michael Waltz ,gop,"$2,549,667","$1,716,768",Y,Y
0,FL06,Clint Curtis ,dem,"$24,310","$22,251",N,N
0,FL06,Gerry Nolan ,dem,"$4,467","$5,256",N,N
0,FL07,Stephanie Murphy ,dem,"$3,124,692","$1,798,549",Y,Y
0,FL07,Leo Valentin ,gop,"$1,045,426","$1,031,316",N,N
0,FL07,Bill Garlington ,gop,"$11,000",$0,N,N
0,FL08,Bill Posey ,gop,"$985,268","$1,121,834",Y,Y
0,FL08,James Kennedy ,dem,"$138,568","$138,790",N,N
0,FL09,Darren Soto ,dem,"$1,111,750","$945,868",Y,Y
0,FL09,William Olson ,gop,"$404,406","$401,088",N,N
0,FL10,Val Demings ,dem,"$1,876,047","$1,191,020",Y,Y
0,FL10,Vennia Francois ,gop,"$335,480","$332,852",N,N
0,FL10,Kristofer Steven Lawson ,gop,$47,$47,N,N
0,FL11,Daniel Webster ,gop,"$691,261","$586,965",Y,Y
0,FL11,Dana Cottrell ,dem,"$62,658","$62,380",N,N
0,FL12,Gus Bilirakis ,gop,"$1,604,137","$1,548,634",Y,Y
0,FL12,Kim Walker ,dem,"$42,802","$33,544",N,N
0,FL13,Charlie Crist ,dem,"$2,720,646","$3,980,695",Y,Y
0,FL13,Anna Paulina Luna ,gop,"$3,302,944","$3,262,236",N,N
0,FL14,Kathy Castor ,dem,"$884,651","$1,201,653",Y,Y
0,FL14,Christine Quinn ,gop,"$242,144","$241,187",N,N
0,FL15,Alan Cohn ,dem,"$2,333,053","$2,300,197",N,N
0,FL15,Scott Franklin ,gop,"$1,663,898","$1,638,417",Y,N
0,FL16,Vernon Buchanan ,gop,"$3,094,611","$3,100,766",Y,Y
0,FL16,Margaret Good ,dem,"$3,411,924","$3,407,845",N,N
0,FL17,Greg Steube ,gop,"$759,908","$621,200",Y,Y
0,FL17,Allen Ellison ,dem,"$83,481","$78,243",N,N
0,FL18,Brian Mast ,gop,"$6,128,177","$5,301,307",Y,Y
0,FL18,Pam Keith ,dem,"$1,639,873","$1,632,736",N,N
0,FL19,Byron Donalds ,gop,"$3,219,579","$2,738,685",Y,N
0,FL19,Cindy Banyai ,dem,"$214,750","$203,430",N,N
0,FL20,Alcee Hastings ,dem,"$607,649","$543,316",Y,Y
0,FL20,Greg Musselwhite ,gop,"$28,955","$27,538",N,N
0,FL21,Lois Frankel ,dem,"$1,534,882","$1,309,786",Y,Y
0,FL21,Laura Loomer ,gop,"$2,271,604","$2,240,689",N,N
0,FL21,Charleston Malkemus ,gop,"$28,928","$28,636",N,N
0,FL22,Ted Deutch ,dem,"$1,364,438","$1,265,494",Y,Y
0,FL22,Jim Pruden ,gop,"$278,416","$278,416",N,N
0,FL23,Debbie Wasserman Schultz ,dem,"$2,191,922","$1,979,903",Y,Y
0,FL23,Carla Spalding ,gop,"$919,579","$903,561",N,N
0,FL24,Frederica Wilson ,dem,"$412,592","$321,019",Y,Y
0,FL24,Lavern Spicer ,gop,"$34,973","$34,909",N,N
0,FL24,Christine Olivo ,gop,"$31,646","$32,898",N,N
0,FL25,Mario Diaz-Balart ,gop,"$1,590,134","$804,054",Y,Y
0,FL26,Debbie Mucarsel-Powell ,dem,"$6,793,521","$6,822,740",N,Y
0,FL26,Carlos Gimenez ,gop,"$2,226,559","$2,187,389",Y,N
0,FL27,Donna Shalala ,dem,"$3,842,907","$3,735,966",N,Y
0,FL27,Maria Salazar ,gop,"$3,654,190","$3,645,814",Y,N
0,FL27,Frank Polo ,gop,"$4,606","$4,662",N,N
0,FL28,Carlos Gimenez ,gop,"$2,050,947","$903,504",Y,Y
0,FL28,Robert Asencio ,dem,"$105,930","$80,821",N,N
0,FL28,Jeremiah Schaffer ,dem,"$30,515","$30,245",N,N
0,GA01,Buddy Carter ,gop,"$2,315,487","$1,734,754",Y,Y
0,GA01,Joyce Griggs ,dem,"$130,043","$125,000",N,N
0,GA02,Sanford Bishop ,dem,"$1,540,683","$1,440,571",Y,Y
0,GA02,Don Cole ,gop,"$164,274","$162,522",N,N
0,GA03,Drew Ferguson ,gop,"$2,374,212","$2,150,911",Y,Y
0,GA03,Val Almonord ,dem,"$35,762","$31,946",N,N
0,GA04,Hank Johnson ,dem,"$628,303","$490,360",Y,Y
0,GA04,Johsira C. Cruz ,gop,"$12,954","$23,146",N,N
0,GA05,Nikema Williams ,dem,"$553,964","$362,801",Y,N
0,GA05,Robert Franklin ,dem,"$360,473","$358,394",N,N
0,GA05,Angela Stanton-King ,gop,"$305,279","$301,338",N,N
0,GA05,Kwanza Hall ,dem,"$239,597","$227,091",N,N
0,GA05,Barrington Martin II ,dem,"$16,522","$16,517",N,N
0,GA05,Chase Oliver ,dem,"$9,225","$5,220",N,N
0,GA05,Steven Muhammad ,dem,"$3,497","-$4,965",N,N
0,GA05,Keisha Waites ,dem,$875,$0,N,N
0,GA06,Lucy McBath ,dem,"$8,507,298","$8,586,054",Y,Y
0,GA06,Karen Handel ,gop,"$3,026,243","$3,072,932",N,N
0,GA07,Carolyn Bourdeaux ,dem,"$5,133,244","$5,161,230",Y,N
0,GA07,Richard McCormick ,gop,"$2,595,446","$2,563,724",N,N
0,GA08,Austin Scott ,gop,"$821,745","$716,159",Y,Y
0,GA08,Jimmy Cooper ,gop,"$8,542","$8,528",N,N
0,GA08,Lindsay Holliday ,dem,"$7,480","$5,220",N,N
0,GA09,Andrew Clyde ,gop,"$1,569,425","$1,561,316",Y,N
0,GA09,Devin Pandy ,dem,"$84,272","$84,623",N,N
0,GA10,Jody Hice ,gop,"$595,947","$457,648",Y,Y
0,GA10,Tabitha Johnson-Green ,dem,"$14,808","$12,214",N,N
0,GA11,Barry Loudermilk ,gop,"$877,767","$700,851",Y,Y
0,GA11,Dana Barrett ,dem,"$404,625","$394,977",N,N
0,GA12,Richard W Allen ,gop,"$1,228,970","$662,818",Y,Y
0,GA12,Liz Johnson ,dem,"$72,061","$72,061",N,N
0,GA13,David Scott ,dem,"$1,209,614","$1,131,746",Y,Y
0,GA13,Becky Hites ,gop,"$63,509","$62,935",N,N
0,GA13,Martin Cowen ,gop,"$13,460","$13,464",N,N
0,GA14,Marjorie Taylor Greene ,gop,"$2,596,914","$2,237,599",Y,N
0,HI01,Ed Case ,dem,"$508,249","$472,569",N,Y
0,HI01,Ron Curtis ,gop,"$12,538","$12,647",N,N
0,HI02,Kai Kahele ,dem,"$1,235,523","$1,039,637",Y,N
0,HI02,Joe Akana ,gop,"$54,534","$55,344",N,N
0,HI02,Jonathan Hoomanawanui ,gop,"$1,883","$1,522",N,N
0,ID01,Russ Fulcher ,gop,"$575,485","$508,457",Y,Y
0,ID01,Rudy Soto ,dem,"$302,902","$302,902",N,N
0,ID02,Mike Simpson ,gop,"$1,008,847","$1,099,604",Y,Y
0,ID02,Aaron Swisher ,dem,"$70,674","$70,268",N,N
0,IL01,Bobby Rush ,dem,"$541,435","$496,454",Y,Y
0,IL01,Philanise White ,gop,"$6,289","$5,048",N,N
0,IL02,Robin Kelly ,dem,"$1,634,783","$1,108,137",Y,Y
0,IL03,Marie Newman ,dem,"$2,802,093","$2,699,323",Y,N
0,IL03,Mike Fricilone ,gop,"$128,458","$127,980",N,N
0,IL04,Jesus Garcia ,dem,"$822,846","$711,159",Y,Y
0,IL04,Jesus Solorio Jr ,gop,"$2,065",$843,N,N
0,IL05,Mike Quigley ,dem,"$1,171,507","$926,655",Y,Y
0,IL06,Sean Casten ,dem,"$5,582,179","$5,313,570",Y,Y
0,IL06,Jeanne Ives ,gop,"$3,157,771","$3,135,464",N,N
0,IL06,Bill Redpath ,gop,"$9,837","$9,837",N,N
0,IL07,Danny K Davis ,dem,"$544,690","$505,506",Y,Y
0,IL07,Tracy Jennings ,dem,"$65,283","$65,283",N,N
0,IL08,Raja Krishnamoorthi ,dem,"$6,358,878","$2,207,703",Y,Y
0,IL09,Jan Schakowsky ,dem,"$1,834,801","$1,514,838",Y,Y
0,IL09,Sargis Sangari ,gop,"$35,364","$34,715",N,N
0,IL10,Brad Schneider ,dem,"$3,459,512","$2,873,333",Y,Y
0,IL10,Valerie Ramirez Mukherjee ,gop,"$130,225","$64,764",N,N
0,IL11,Bill Foster ,dem,"$2,381,354","$1,823,906",Y,Y
0,IL11,Rick Laib ,gop,"$20,343","$20,064",N,N
0,IL12,Mike Bost ,gop,"$1,918,041","$1,509,573",Y,Y
0,IL12,Ray Lenzi ,dem,"$161,324","$104,809",N,N
0,IL13,Rodney Davis ,gop,"$4,943,459","$4,822,600",Y,Y
0,IL13,Betsy Dirksen Londrigan ,dem,"$5,297,007","$5,281,880",N,N
0,IL14,Lauren A Underwood ,dem,"$7,803,579","$7,301,503",Y,Y
0,IL14,Jim Oberweis ,gop,"$2,438,857","$2,348,798",N,N
0,IL15,Mary Miller ,gop,"$689,057","$570,356",Y,N
0,IL15,Erika Weaver ,dem,"$58,689","$23,349",N,N
0,IL16,Adam Kinzinger ,gop,"$2,105,736","$1,588,550",Y,Y
0,IL16,Dani Brzozowski ,dem,"$459,344","$376,167",N,N
0,IL17,Cheri Bustos ,dem,"$4,975,192","$6,391,009",Y,Y
0,IL17,Esther Joy King ,gop,"$2,032,878","$2,030,587",N,N
0,IN01,Frank Mrvan Jr ,dem,"$578,635","$464,407",Y,N
0,IN01,Mark Leyva ,gop,"$16,551","$15,343",N,N
0,IN02,Jackie Walorski ,gop,"$2,383,467","$1,698,202",Y,Y
0,IN02,Pat Hackett ,dem,"$881,888","$867,301",N,N
0,IN03,Jim Banks ,gop,"$1,202,509","$769,591",Y,Y
0,IN03,Chip Coldiron ,dem,"$94,056","$89,883",N,N
0,IN04,Jim Baird ,gop,"$327,727","$190,158",Y,Y
0,IN04,Joe Mackey ,dem,"$44,585","$43,213",N,N
0,IN05,Christina Hale ,dem,"$4,010,368","$3,998,905",N,N
0,IN05,Victoria Spartz ,gop,"$3,119,328","$3,010,203",Y,N
0,IN06,Greg Pence ,gop,"$3,114,448","$2,804,148",Y,Y
0,IN06,Jeannine Lee Lake ,dem,"$143,089","$145,315",N,N
0,IN07,Andre Carson ,dem,"$1,011,635","$873,962",Y,Y
0,IN07,Susan Marie Smith ,gop,"$62,905","$59,843",N,N
0,IN08,Larry Bucshon ,gop,"$1,051,336","$1,078,646",Y,Y
0,IN08,Thomasina Marsili ,dem,"$68,734","$68,480",N,N
0,IN09,Trey Hollingsworth ,gop,"$1,166,754","$501,136",Y,Y
0,IN09,Andy Ruff ,dem,"$148,263","$134,906",N,N
0,IN09,Tonya Millis ,dem,"$10,224","$10,041",N,N
0,IA01,Abby Finkenauer ,dem,"$5,901,441","$5,875,405",N,Y
0,IA01,Ashley Hinson ,gop,"$5,175,883","$5,059,211",Y,N
0,IA02,Rita Hart ,dem,"$4,232,992","$4,114,400",N,N
0,IA02,Mariannette Miller-Meeks ,gop,"$2,174,194","$1,721,926",Y,N
0,IA03,Cindy Axne ,dem,"$6,236,976","$6,236,994",Y,Y
0,IA03,David Young ,gop,"$3,170,072","$3,094,582",N,N
0,IA04,J.D. Scholten ,dem,"$2,885,915","$2,902,003",N,N
0,IA04,Randy Feenstra ,gop,"$1,906,234","$1,894,288",Y,N
0,KS01,Tracey Mann ,gop,"$1,403,353","$1,127,156",Y,N
0,KS01,Kali Barnett ,dem,"$603,036","$592,924",N,N
0,KS02,Michelle De La Isla ,dem,"$1,825,085","$1,810,968",N,N
0,KS02,Jake Laturner ,gop,"$1,593,407","$1,578,460",Y,N
0,KS03,Sharice Davids ,dem,"$5,638,552","$5,168,034",Y,Y
0,KS03,Amanda Adkins ,gop,"$2,182,382","$2,139,673",N,N
0,KS04,Ron Estes ,gop,"$1,993,808","$1,420,188",Y,Y
0,KS04,Laura Lombard ,dem,"$264,459","$258,684",N,N
0,KY01,James Comer ,gop,"$736,116","$502,554",Y,Y
0,KY02,Brett Guthrie ,gop,"$1,412,797","$1,566,622",Y,Y
0,KY02,Hank Linderman ,dem,"$93,388","$71,122",N,N
0,KY02,Robert Lee Perry ,dem,"$12,798","$7,825",N,N
0,KY03,John Yarmuth ,dem,"$658,295","$690,226",Y,Y
0,KY03,Rhonda Palazzo ,gop,"$46,144","$45,668",N,N
0,KY04,Thomas Massie ,gop,"$1,457,316","$1,563,275",Y,Y
0,KY04,Alexandra Owensby ,dem,"$156,174","$106,359",N,N
0,KY05,Hal Rogers ,gop,"$664,168","$835,781",Y,Y
0,KY06,Andy Barr ,gop,"$4,536,264","$4,316,239",Y,Y
0,KY06,Josh Hicks ,dem,"$2,936,320","$2,935,615",N,N
0,LA01,Steve Scalise ,gop,"$37,262,827","$32,830,607",Y,Y
0,LA02,Cedric Richmond ,dem,"$1,628,289","$1,302,079",Y,Y
0,LA03,Clay Higgins ,gop,"$751,498","$720,424",Y,Y
0,LA03,Robert Jon Anderson ,dem,"$63,617","$48,015",N,N
0,LA03,Braylon Harris ,dem,"$23,006","$15,130",N,N
0,LA04,Mike Johnson ,gop,"$1,299,787","$1,039,393",Y,Y
0,LA04,Kenny Houston ,dem,"$33,677","$33,407",N,N
0,LA05,Luke Letlow ,gop,"$1,392,822","$1,303,757",N,N
0,LA05,Lance Harris ,gop,"$696,805","$687,833",N,N
0,LA05,Martin Lemelle ,dem,"$173,796","$162,747",N,N
0,LA05,Scotty Robinson ,gop,"$113,903","$113,835",N,N
0,LA05,Candy Christophe ,dem,"$77,101","$131,161",N,N
0,LA05,Phillip Snowden ,dem,"$29,481","$28,077",N,N
0,LA05,Matthew Hasty ,gop,"$2,654","$2,615",N,N
0,LA06,Garret Graves ,gop,"$1,743,015","$1,200,287",Y,Y
0,LA06,Dartanyon Williams ,dem,"$111,316","$98,114",N,N
0,ME01,Chellie Pingree ,dem,"$487,080","$264,790",Y,Y
0,ME01,Jay Allen ,gop,"$79,585","$69,853",N,N
0,ME02,Jared Golden ,dem,"$5,272,142","$5,233,990",Y,Y
0,ME02,Dale Crafts ,gop,"$1,199,805","$1,196,117",N,N
0,MD01,Andy Harris ,gop,"$1,468,096","$973,953",Y,Y
0,MD01,Mia Mason ,dem,"$2,524",$0,N,N
0,MD02,Dutch Ruppersberger ,dem,"$1,012,835","$927,353",Y,Y
0,MD02,Johnny Ray Salling ,gop,"$68,320","$66,895",N,N
0,MD03,John Sarbanes ,dem,"$573,599","$687,299",Y,Y
0,MD03,Charles Anthony ,gop,"$7,798","$6,742",N,N
0,MD04,Anthony Brown ,dem,"$1,446,636","$846,827",Y,Y
0,MD05,Steny H Hoyer ,dem,"$4,587,189","$4,342,255",Y,Y
0,MD05,Chris Palombi ,gop,"$43,462","$42,095",N,N
0,MD06,David Trone ,dem,"$2,944,893","$2,959,748",Y,Y
0,MD06,Neil Parrott ,gop,"$315,936","$261,259",N,N
0,MD07,Kweisi Mfume ,dem,"$1,014,126","$713,389",Y,Y
0,MD07,Kimberly Klacik ,gop,"$8,296,845","$7,499,454",N,N
0,MD07,Amber Ivey ,gop,"$41,924","$43,394",N,N
0,MD08,Jamie Raskin ,dem,"$2,072,652","$1,399,252",Y,Y
0,MD08,Gregory Coll ,gop,"$30,876","$27,257",N,N
0,MA01,Richard E Neal ,dem,"$4,949,384","$5,873,122",Y,Y
0,MA02,James P McGovern ,dem,"$1,052,549","$1,089,412",Y,Y
0,MA02,Tracy Lovvorn ,gop,"$26,311","$22,319",N,N
0,MA03,Lori Trahan ,dem,"$1,449,303","$1,232,437",Y,Y
0,MA04,Jake Auchincloss ,dem,"$2,608,686","$2,150,904",Y,N
0,MA04,Julie Hall ,gop,"$131,603","$129,378",N,N
0,MA05,Katherine Clark ,dem,"$1,788,706","$1,514,877",Y,Y
0,MA05,Caroline Colarusso ,gop,"$148,635","$146,972",N,N
0,MA06,Seth Moulton ,dem,"$1,289,805","$1,802,169",Y,Y
0,MA06,John Paul Moran ,gop,"$300,220","$299,104",N,N
0,MA07,Ayanna Pressley ,dem,"$2,163,370","$1,748,432",Y,Y
0,MA08,Stephen Lynch ,dem,"$905,614","$1,134,662",Y,Y
0,MA09,Bill Keating ,dem,"$708,680","$652,448",Y,Y
0,MA09,Helen Brady ,gop,"$28,233","$23,735",N,N
0,MI01,John Bergman ,gop,"$1,868,512","$1,733,466",Y,Y
0,MI01,Dana Ferguson ,dem,"$346,213","$339,788",N,N
0,MI02,Bill Huizenga ,gop,"$2,175,411","$1,883,610",Y,Y
0,MI02,Bryan Berghoef ,dem,"$751,576","$669,864",N,N
0,MI02,Jean-Michel Creviere ,dem,$281,"$1,207",N,N
0,MI03,Hillary Scholten ,dem,"$3,793,132","$3,765,942",N,N
0,MI03,Peter Meijer ,gop,"$2,975,972","$2,887,774",Y,N
0,MI04,John Moolenaar ,gop,"$1,528,612","$1,036,160",Y,Y
0,MI04,Jerry Hilliard ,dem,"$23,117","$23,603",N,N
0,MI05,Dan Kildee ,dem,"$1,669,951","$1,504,094",Y,Y
0,MI05,Tim Kelly ,gop,"$71,106","$71,106",N,N
0,MI06,Fred Upton ,gop,"$3,616,380","$3,464,617",Y,Y
0,MI06,Jon Hoadley ,dem,"$3,116,491","$3,098,366",N,N
0,MI07,Tim Walberg ,gop,"$2,301,635","$1,586,358",Y,Y
0,MI07,Gretchen Driskell ,dem,"$1,712,840","$1,712,840",N,N
0,MI08,Elissa Slotkin ,dem,"$8,967,420","$7,419,974",Y,Y
0,MI08,Paul Junge ,gop,"$2,107,608","$2,097,131",N,N
0,MI09,Andy Levin ,dem,"$1,316,607","$907,237",Y,Y
0,MI10,Lisa McClain ,gop,"$2,266,287","$2,137,031",Y,N
0,MI10,Kimberly Bizon ,dem,"$41,438","$41,246",N,N
0,MI11,Haley Stevens ,dem,"$5,776,924","$5,707,448",Y,Y
0,MI11,Eric Esshaki ,gop,"$1,298,612","$1,291,509",N,N
0,MI12,Debbie Dingell ,dem,"$1,630,498","$1,689,582",Y,Y
0,MI12,Jeff Jones ,gop,"$10,616","$9,657",N,N
0,MI13,Rashida Tlaib ,dem,"$4,014,411","$3,690,334",Y,Y
0,MI13,Donald Eason ,dem,"$34,156","$34,156",N,N
0,MN01,Jim Hagedorn ,gop,"$2,386,033","$2,305,994",Y,Y
0,MN01,Daniel Feehan ,dem,"$4,861,651","$4,863,835",N,N
0,MN02,Angie Craig ,dem,"$5,380,101","$4,435,492",Y,Y
0,MN02,Tyler Kistner ,gop,"$2,990,054","$2,956,042",N,N
0,MN03,Dean Phillips ,dem,"$2,328,616","$2,152,031",Y,Y
0,MN03,Kendall Qualls ,gop,"$1,863,927","$1,751,214",N,N
0,MN03,Gary Heyer ,gop,$827,$827,N,N
0,MN04,Betty McCollum ,dem,"$1,171,748","$994,072",Y,Y
0,MN04,Gene Rechtzigel ,gop,"$20,075","$20,075",N,N
0,MN05,Ilhan Omar ,dem,"$5,718,517","$5,605,576",Y,Y
0,MN05,Lacy Johnson ,gop,"$12,050,564","$12,000,896",N,N
0,MN05,Chris Kelley ,gop,"$249,583","$249,583",N,N
0,MN05,Ervan Katari Miller ,gop,$255,$187,N,N
0,MN06,Tom Emmer ,gop,"$2,804,265","$2,537,612",Y,Y
0,MN06,Tawnja Zahradka ,dem,"$49,242","$49,214",N,N
0,MN07,Collin Peterson ,dem,"$2,714,012","$2,867,577",N,Y
0,MN07,Michelle Fischbach ,gop,"$2,618,450","$2,580,501",Y,N
0,MN08,Pete Stauber ,gop,"$2,593,190","$2,608,759",Y,Y
0,MN08,Quinn Nystrom ,dem,"$1,530,606","$1,527,005",N,N
0,MS01,Trent Kelly ,gop,"$876,882","$826,673",Y,Y
0,MS01,Antonia Eliason ,dem,"$22,281","$18,174",N,N
0,MS02,Bennie G Thompson ,dem,"$1,377,392","$1,096,904",Y,Y
0,MS03,Michael Guest ,gop,"$766,807","$518,162",Y,Y
0,MS04,Steven Palazzo ,gop,"$817,129","$747,217",Y,Y
0,MO01,Cori Bush ,dem,"$1,418,014","$1,333,512",Y,N
0,MO02,Ann Wagner ,gop,"$5,598,287","$6,513,101",Y,Y
0,MO02,Jill Schupp ,dem,"$4,850,948","$4,830,434",N,N
0,MO03,Blaine Luetkemeyer ,gop,"$2,022,905","$2,081,391",Y,Y
0,MO04,Vicky Hartzler ,gop,"$1,700,978","$1,335,607",Y,Y
0,MO04,Lindsey Simmons ,dem,"$395,934","$384,622",N,N
0,MO05,Emanuel Cleaver ,dem,"$1,393,847","$928,061",Y,Y
0,MO05,Ryan Derks ,gop,"$76,488","$76,488",N,N
0,MO06,Sam Graves ,gop,"$1,959,516","$1,654,756",Y,Y
0,MO06,Gena Ross ,dem,"$10,170","$10,530",N,N
0,MO07,Billy Long ,gop,"$1,320,420","$1,518,234",Y,Y
0,MO07,Audrey Richards ,gop,"$7,985","$8,113",N,N
0,MO08,Jason Smith ,gop,"$1,900,227","$1,514,786",Y,Y
0,MO08,Kathryn Ellis ,dem,"$302,428","$305,387",N,N
0,MT01,Kathleen Williams ,dem,"$6,201,758","$6,232,286",N,N
0,MT01,Matt Rosendale ,gop,"$3,674,706","$3,488,045",Y,N
0,MT02,Matt Rosendale ,gop,"$2,038,344","$1,113,356",Y,Y
0,MT02,Gary Buchanan ,gop,"$563,351","$342,764",N,N
0,MT02,Penny Ronning ,dem,"$158,425","$135,474",N,N
0,MT02,Sam Rankin ,dem,"$31,083","$31,066",N,N
0,NE01,Jeff Fortenberry ,gop,"$1,472,816","$2,458,330",Y,Y
0,NE01,Kate Bolz ,dem,"$1,143,509","$1,140,371",N,N
0,NE02,Don Bacon ,gop,"$3,749,272","$3,713,961",Y,Y
0,NE02,Kara Eastman ,dem,"$4,414,390","$4,468,006",N,N
0,NE03,Adrian Smith ,gop,"$1,506,473","$1,148,409",Y,Y
0,NE03,Mark Elworth Jr ,dem,$255,$0,N,N
0,NV01,Dina Titus ,dem,"$706,193","$587,919",Y,Y
0,NV02,Mark Amodei ,gop,"$1,048,056","$1,016,673",Y,Y
0,NV02,Patricia Ackerman ,dem,"$449,363","$449,449",N,N
0,NV03,Susie Lee ,dem,"$4,748,019","$4,732,009",Y,Y
0,NV03,Dan Rodimer ,gop,"$2,936,059","$2,915,216",N,N
0,NV04,Steven Horsford ,dem,"$3,492,372","$3,024,427",Y,Y
0,NV04,Jim Marchant ,gop,"$1,462,772","$1,419,405",N,N
0,NV04,Jonathan Royce Esteban ,gop,"$2,788","$1,603",N,N
0,NH01,Chris Pappas ,dem,"$3,205,731","$3,105,663",Y,Y
0,NH01,Matt Mowers ,gop,"$1,707,214","$1,698,761",N,N
0,NH02,Ann Kuster ,dem,"$2,960,033","$2,970,274",Y,Y
0,NH02,Steve Negron ,gop,"$368,177","$378,959",N,N
0,NJ01,Don Norcross ,dem,"$2,221,989","$1,087,264",Y,Y
0,NJ01,Claire Gustafson ,gop,"$36,520","$21,761",N,N
0,NJ02,Jeff Van Drew ,gop,"$4,229,171","$4,041,493",Y,Y
0,NJ02,Amy Kennedy ,dem,"$4,984,376","$4,978,913",N,N
0,NJ03,Andy Kim ,dem,"$7,241,283","$6,753,262",Y,Y
0,NJ03,David Richter ,gop,"$1,473,669","$1,470,648",N,N
0,NJ04,Chris Smith ,gop,"$1,383,085","$1,284,522",Y,Y
0,NJ04,Stephanie Schmid ,dem,"$699,580","$658,011",N,N
0,NJ05,Josh Gottheimer ,dem,"$7,694,027","$3,487,964",Y,Y
0,NJ05,Frank Pallotta ,gop,"$1,972,033","$1,948,705",N,N
0,NJ05,Louis A. Vellucci ,gop,"$5,456","$5,342",N,N
0,NJ06,Frank Pallone Jr. ,dem,"$3,231,755","$2,021,737",Y,Y
0,NJ07,Tom Malinowski ,dem,"$7,414,403","$7,423,758",Y,Y
0,NJ07,Tom Kean ,gop,"$3,869,121","$3,775,442",N,N
0,NJ08,Albio Sires ,dem,"$605,810","$551,325",Y,Y
0,NJ09,Bill Pascrell Jr. ,dem,"$1,560,550","$1,795,410",Y,Y
0,NJ09,Billy Prempeh ,gop,"$44,269","$35,075",N,N
0,NJ10,Donald M Payne Jr. ,dem,"$593,735","$457,252",Y,Y
0,NJ11,Mikie Sherrill ,dem,"$6,419,707","$3,733,106",Y,Y
0,NJ11,Rosemary Becchi ,gop,"$1,687,532","$1,686,236",N,N
0,NJ12,Bonnie Watson Coleman ,dem,"$798,439","$840,651",Y,Y
0,NJ12,Mark Razzoli ,gop,"$3,065","$1,142",N,N
0,NM01,Debra Haaland ,dem,"$2,246,734","$1,875,766",Y,Y
0,NM01,Michelle Garcia Holmes ,gop,"$257,294","$245,590",N,N
0,NM02,Xochitl Torres Small ,dem,"$8,387,337","$8,539,065",N,Y
0,NM02,Yvette Herrell ,gop,"$2,805,711","$2,921,785",Y,N
0,NM02,Steve Jones ,gop,"$9,405","$9,505",N,N
0,NM03,Teresa Leger Fernandez ,dem,"$2,296,594","$2,132,010",Y,N
0,NM03,Alexis Johnson ,gop,"$147,303","$147,303",N,N
0,NY01,Lee Zeldin ,gop,"$8,396,981","$8,250,116",Y,Y
0,NY01,Nancy Goroff ,dem,"$7,866,239","$7,860,977",N,N
0,NY02,Jackie Gordon ,dem,"$4,351,881","$4,334,484",N,N
0,NY02,Andrew Garbarino ,gop,"$1,743,986","$1,612,132",Y,N
0,NY02,Harry Burger ,gop,"$2,430",$594,N,N
0,NY03,Tom Suozzi ,dem,"$2,941,006","$2,331,302",Y,Y
0,NY03,George Devolder-Santos ,gop,"$658,883","$591,239",N,N
0,NY03,Joshua Sauberman ,gop,$127,$270,N,N
0,NY04,Kathleen Rice ,dem,"$1,106,258","$1,210,410",Y,Y
0,NY04,Douglas Tuman ,gop,"$134,937","$130,995",N,N
0,NY04,Ed Dennehy ,gop,"$9,031","$9,031",N,N
0,NY05,Gregory Meeks ,dem,"$2,097,572","$1,467,454",Y,Y
0,NY05,Amit Lal ,dem,$126,$0,N,N
0,NY06,Grace Meng ,dem,"$1,292,084","$1,872,311",Y,Y
0,NY06,Thomas Zmich ,gop,"$133,403","$131,278",N,N
0,NY07,Nydia Velazquez ,dem,"$803,217","$676,248",Y,Y
0,NY08,Hakeem Jeffries ,dem,"$4,168,717","$3,293,077",Y,Y
0,NY09,Yvette Clarke ,dem,"$1,200,067","$1,190,143",Y,Y
0,NY10,Jerrold Nadler ,dem,"$1,848,688","$1,950,774",Y,Y
0,NY10,Cathy Bernstein ,gop,"$49,975","$28,384",N,N
0,NY10,Jeanne Nigro ,gop,"$34,548","$28,039",N,N
0,NY10,Michael Madrid ,gop,"$14,326","$12,149",N,N
0,NY11,Max Rose ,dem,"$9,284,434","$9,499,242",N,Y
0,NY11,Nicole Malliotakis ,gop,"$3,469,995","$3,447,052",Y,N
0,NY11,Kemi Akindude ,gop,"$21,261","$14,697",N,N
0,NY12,Carolyn Maloney ,dem,"$3,067,173","$3,059,202",Y,Y
0,NY13,Adriano Espaillat ,dem,"$1,087,237","$1,252,740",Y,Y
0,NY13,Lovelynn Gwinn ,gop,"$39,384","$39,384",N,N
0,NY14,Alexandria Ocasio-Cortez ,dem,"$20,664,795","$16,735,422",Y,Y
0,NY14,John C. Cummings ,gop,"$11,140,937","$10,947,758",N,N
0,NY15,Ritchie Torres ,dem,"$2,194,025","$1,804,336",Y,N
0,NY16,Jamaal Bowman ,dem,"$2,878,898","$2,801,424",Y,N
0,NY17,Mondaire Jones ,dem,"$2,984,052","$2,186,463",Y,N
0,NY17,Maureen McArdle Schulman ,gop,"$54,732","$60,084",N,N
0,NY17,Michael Parietti ,gop,"$44,787","$19,670",N,N
0,NY18,Sean Patrick Maloney ,dem,"$2,556,294","$1,718,525",Y,Y
0,NY18,Chele Farley ,gop,"$1,186,211","$1,152,124",N,N
0,NY18,Scott Smith ,gop,"$8,718","$8,403",N,N
0,NY19,Antonio Delgado ,dem,"$5,949,475","$2,963,286",Y,Y
0,NY19,Kyle Van De Water ,gop,"$153,796","$120,097",N,N
0,NY20,Paul Tonko ,dem,"$1,541,984","$1,418,994",Y,Y
0,NY20,Elizabeth Joy ,gop,"$370,852","$336,845",N,N
0,NY21,Elise Stefanik ,gop,"$13,287,248","$11,655,936",Y,Y
0,NY21,Tedra Cobb ,dem,"$5,586,793","$5,593,266",N,N
0,NY22,Anthony Brindisi ,dem,"$6,020,190","$5,772,429",N,Y
0,NY22,Claudia Tenney ,gop,"$3,051,777","$2,725,893",N,N
0,NY23,Tom Reed ,gop,"$3,275,177","$3,145,027",Y,Y
0,NY23,Tracy Mitrano ,dem,"$1,450,322","$1,466,128",N,N
0,NY24,John Katko ,gop,"$3,821,107","$3,597,234",Y,Y
0,NY24,Dana Balter ,dem,"$3,212,469","$3,230,808",N,N
0,NY25,Joseph D Morelle ,dem,"$1,375,366","$1,274,426",Y,Y
0,NY25,George Mitris ,gop,"$301,376","$279,047",N,N
0,NY25,Kevin Wilson ,gop,"$5,128","$3,417",N,N
0,NY26,Brian Higgins ,dem,"$1,124,168","$984,106",Y,Y
0,NC01,G K Butterfield ,dem,"$1,032,869","$880,420",Y,Y
0,NC01,Sandy Smith ,gop,"$1,458,375","$1,437,805",N,N
0,NC02,Deborah Ross ,dem,"$2,268,381","$1,816,923",Y,N
0,NC02,Alan Swain ,gop,"$119,664","$119,435",N,N
0,NC02,Japheth Matemu ,gop,$625,$54,N,N
0,NC03,Greg Murphy ,gop,"$1,767,790","$1,505,559",Y,Y
0,NC04,David Price ,dem,"$1,161,738","$1,014,872",Y,Y
0,NC05,Virginia Foxx ,gop,"$1,858,388","$1,944,629",Y,Y
0,NC05,David Wilson Brown ,dem,"$61,596","$60,668",N,N
0,NC06,Kathy Manning ,dem,"$2,002,284","$1,695,596",Y,N
0,NC06,Lee Haywood ,gop,"$73,878","$58,342",N,N
0,NC06,Jennyfer Bucardo ,gop,$750,$759,N,N
0,NC07,David Rouzer ,gop,"$1,628,458","$1,038,883",Y,Y
0,NC07,Christopher Ward ,dem,"$16,260","$4,119",N,N
0,NC08,Richard Hudson ,gop,"$4,135,872","$4,359,009",Y,Y
0,NC08,Patricia Timmons-Goodson ,dem,"$3,855,743","$3,852,668",N,N
0,NC09,Dan Bishop ,gop,"$4,090,260","$4,029,864",Y,Y
0,NC09,Cynthia Wallace ,dem,"$811,609","$794,300",N,N
0,NC10,Patrick McHenry ,gop,"$2,780,234","$2,339,363",Y,Y
0,NC10,David Parker ,dem,"$30,555","$30,555",N,N
0,NC11,Madison Cawthorn ,gop,"$4,478,970","$4,366,783",Y,N
0,NC11,Moe Davis ,dem,"$2,251,413","$2,148,121",N,N
0,NC12,Alma Adams ,dem,"$824,124","$651,883",Y,Y
0,NC12,Bill Brewster ,gop,"$21,950","$16,763",N,N
0,NC13,Ted Budd ,gop,"$2,294,174","$1,293,414",Y,Y
0,NC13,Scott Huffman ,dem,"$193,334","$189,967",N,N
0,NC14,Jeff Jackson ,dem,"$5,273,569","$4,396,999",N,N
0,NC14,Pat Harrigan ,gop,"$732,509","$526,695",N,N
0,ND01,Kelly Armstrong ,gop,"$1,269,346","$1,080,105",Y,Y
0,ND01,Zach Raknerud ,dem,"$28,047","$26,029",N,N
0,OH01,Steve Chabot ,gop,"$3,177,647","$2,861,464",Y,Y
0,OH01,Kate Schroder ,dem,"$4,040,303","$4,039,798",N,N
0,OH01,Kevin Kahn ,dem,"$12,085","$8,398",N,N
0,OH02,Brad Wenstrup ,gop,"$1,794,354","$1,757,078",Y,Y
0,OH02,Jaime Castle ,dem,"$284,197","$271,471",N,N
0,OH03,Joyce Beatty ,dem,"$2,237,887","$2,540,687",Y,Y
0,OH03,Nicholas Moss ,dem,"$1,258","$1,248",N,N
0,OH04,Jim Jordan ,gop,"$18,313,823","$12,945,651",Y,Y
0,OH04,Chris Gibbs ,gop,"$65,807","$65,807",N,N
0,OH05,Bob Latta ,gop,"$1,580,952","$1,477,090",Y,Y
0,OH05,Nick Rubando ,dem,"$249,319","$247,423",N,N
0,OH06,Bill Johnson ,gop,"$1,866,123","$1,853,361",Y,Y
0,OH06,Shawna Roberts ,dem,$262,$574,N,N
0,OH07,Bob Gibbs ,gop,"$791,888","$453,928",Y,Y
0,OH07,Quentin Potter ,dem,"$12,976","$12,976",N,N
0,OH07,Brandon Lape ,dem,"$3,348","$2,713",N,N
0,OH08,Warren Davidson ,gop,"$1,016,740","$841,533",Y,Y
0,OH08,Vanessa Enoch ,dem,"$40,270","$37,546",N,N
0,OH09,Marcy Kaptur ,dem,"$1,090,395","$979,798",Y,Y
0,OH09,Rob Weber ,gop,"$134,898","$123,262",N,N
0,OH10,Michael R Turner ,gop,"$1,752,255","$1,736,283",Y,Y
0,OH10,Desiree Tims ,dem,"$2,040,760","$2,024,010",N,N
0,OH11,Marcia Fudge ,dem,"$755,787","$499,820",Y,Y
0,OH11,Laverne Gore ,gop,"$157,044","$156,827",N,N
0,OH12,Troy Balderson ,gop,"$2,016,826","$1,995,665",Y,Y
0,OH12,Alaina Shearer ,dem,"$1,033,711","$1,025,410",N,N
0,OH12,John Stewart ,dem,"$75,170","$66,382",N,N
0,OH13,Tim Ryan ,dem,"$1,972,446","$2,071,454",Y,Y
0,OH13,Christina Hagan ,gop,"$861,723","$820,660",N,N
0,OH14,David P Joyce ,gop,"$2,917,696","$2,501,449",Y,Y
0,OH14,Hillary O'Connor Mueri ,dem,"$579,877","$574,646",N,N
0,OH15,Steve Stivers ,gop,"$3,004,799","$2,293,101",Y,Y
0,OH15,Joel Newby ,dem,"$55,797","$55,797",N,N
0,OK01,Kevin Hern ,gop,"$1,094,104","$830,366",Y,Y
0,OK01,Kojo Asamoa-Caesar ,dem,"$157,355","$173,928",N,N
0,OK02,Markwayne Mullin ,gop,"$1,660,206","$1,077,939",Y,Y
0,OK02,Danyell Lanier ,dem,"$41,730","$41,722",N,N
0,OK03,Frank D Lucas ,gop,"$872,749","$1,036,145",Y,Y
0,OK04,Tom Cole ,gop,"$1,812,530","$1,753,697",Y,Y
0,OK04,Mary Brannon ,dem,"-$2,084","$1,599",N,N
0,OK05,Kendra Horn ,dem,"$5,949,800","$5,946,195",N,Y
0,OK05,Stephanie Bice ,gop,"$3,720,520","$3,508,929",Y,N
0,OR01,Suzanne Bonamici ,dem,"$959,223","$864,627",Y,Y
0,OR01,Chris Christensen ,gop,$144,$672,N,N
0,OR02,Cliff Bentz ,gop,"$1,450,780","$1,361,727",Y,N
0,OR02,Alex Spenser ,dem,"$20,640","$5,089",N,N
0,OR03,Earl Blumenauer ,dem,"$1,813,365","$1,948,453",Y,Y
0,OR03,Joanna Harbour ,gop,"$17,681","$14,502",N,N
0,OR04,Peter DeFazio ,dem,"$5,182,843","$5,781,074",Y,Y
0,OR04,Alek Skarlatos ,gop,"$5,454,621","$5,331,264",N,N
0,OR05,Kurt Schrader ,dem,"$2,018,692","$1,922,073",Y,Y
0,OR05,Amy Ryan Courser ,gop,"$231,624","$221,041",N,N
0,OR06,Mike Erickson ,gop,"$3,467,533","$3,437,816",N,N
0,OR06,Andrea Salinas ,dem,"$2,837,929","$2,596,817",N,N
0,PA01,Brian Fitzpatrick ,gop,"$4,203,825","$4,272,135",Y,Y
0,PA01,Christina Finello ,dem,"$2,336,814","$2,329,748",N,N
0,PA02,Brendan Boyle ,dem,"$1,556,650","$756,317",Y,Y
0,PA03,Dwight Evans ,dem,"$942,386","$781,265",Y,Y
0,PA04,Madeleine Dean ,dem,"$1,435,995","$1,005,928",Y,Y
0,PA04,Kathy Barnette ,gop,"$1,000,389","$884,640",N,N
0,PA04,Joe Tarshish ,gop,"$24,038","$23,738",N,N
0,PA05,Mary Gay Scanlon ,dem,"$1,455,042","$1,350,276",Y,Y
0,PA05,Dasha Pruett ,gop,"$105,146","$82,437",N,N
0,PA06,Chrissy Houlahan ,dem,"$3,484,484","$1,327,283",Y,Y
0,PA06,John Emmons ,gop,"$608,859","$601,390",N,N
0,PA06,John McHugh ,gop,"$6,165","$4,410",N,N
0,PA07,Susan Wild ,dem,"$4,581,056","$4,528,267",Y,Y
0,PA08,Matt Cartwright ,dem,"$3,885,136","$4,144,070",Y,Y
0,PA08,Jim Bognet ,gop,"$1,519,527","$1,386,040",N,N
0,PA09,Dan Meuser ,gop,"$1,071,961","$944,010",Y,Y
0,PA09,Gary Wegman ,dem,"$188,787","$187,348",N,N
0,PA10,Scott Perry ,gop,"$3,956,481","$3,839,197",N,Y
0,PA10,Eugene DePasquale ,dem,"$4,534,580","$4,526,684",N,N
0,PA11,Lloyd Smucker ,gop,"$1,349,318","$662,704",Y,Y
0,PA11,Sarah Hammond ,dem,"$28,733","$23,458",N,N
0,PA12,Fred Keller ,gop,"$1,541,938","$1,066,158",Y,Y
0,PA12,Lee Griffin ,dem,"$45,850","$44,571",N,N
0,PA12,Liz Terwilliger ,dem,"$6,211","$5,937",N,N
0,PA13,John Joyce ,gop,"$1,119,769","$461,229",Y,Y
0,PA13,Todd Rowley ,dem,"$60,348","$67,527",N,N
0,PA14,Guy Reschenthaler ,gop,"$2,250,282","$1,580,488",Y,Y
0,PA14,Bill Marx ,dem,"$60,403","$45,959",N,N
0,PA15,Glenn Thompson ,gop,"$1,700,061","$1,839,073",Y,Y
0,PA16,Mike Kelly ,gop,"$2,239,488","$1,319,340",Y,Y
0,PA16,Kristy Gnibus ,dem,"$584,205","$579,453",N,N
0,PA17,Conor Lamb ,dem,"$4,063,114","$3,448,850",Y,Y
0,PA17,Sean Parnell ,gop,"$3,935,774","$3,732,399",N,N
0,RI01,David Cicilline ,dem,"$1,574,854","$1,743,173",Y,Y
0,RI02,Jim Langevin ,dem,"$1,102,312","$1,422,339",Y,Y
0,RI02,Bob Lancia ,gop,"$55,549","$47,877",N,N
0,SC01,Joe Cunningham ,dem,"$6,941,746","$6,993,962",N,Y
0,SC01,Nancy Mace ,gop,"$5,766,726","$5,707,239",Y,N
0,SC02,Joe Wilson ,gop,"$1,648,065","$1,723,956",Y,Y
0,SC02,Adair Boroughs ,dem,"$2,510,526","$2,507,664",N,N
0,SC03,Jeff Duncan ,gop,"$1,509,647","$1,271,872",Y,Y
0,SC03,Hosea Cleveland ,dem,"$43,214","$45,107",N,N
0,SC04,William Timmons ,gop,"$977,784","$982,233",Y,Y
0,SC04,Kim Nelson ,dem,"$167,825","$167,508",N,N
0,SC05,Ralph Norman ,gop,"$991,246","$859,747",Y,Y
0,SC05,Moe Brown ,dem,"$480,648","$477,295",N,N
0,SC06,James E Clyburn ,dem,"$3,406,945","$2,332,128",Y,Y
0,SC07,Tom Rice ,gop,"$1,405,738","$1,242,208",Y,Y
0,SC07,Melissa Watson ,dem,"$147,623","$147,623",N,N
0,SC07,Larry Guy Hammond ,dem,$199,$199,N,N
0,SD01,Dusty Johnson ,gop,"$1,693,504","$699,356",Y,Y
0,TN01,Diana Harshbarger ,gop,"$2,126,946","$1,869,100",Y,N
0,TN01,Blair Nicole Walsingham ,dem,"$140,209","$134,995",N,N
0,TN02,Tim Burchett ,gop,"$1,336,276","$878,488",Y,Y
0,TN02,Renee Hoyos ,dem,"$812,784","$816,793",N,N
0,TN03,Chuck Fleischmann ,gop,"$1,051,653","$381,411",Y,Y
0,TN03,Meg Gorman ,dem,"$85,843","$77,760",N,N
0,TN04,Scott Desjarlais ,gop,"$331,464","$392,499",Y,Y
0,TN04,Christopher Hale ,dem,"$308,731","$302,996",N,N
0,TN05,Jim Cooper ,dem,"$936,569","$1,332,131",Y,Y
0,TN06,John Rose ,gop,"$1,050,429","$625,688",Y,Y
0,TN07,Mark Green ,gop,"$1,194,960","$935,487",Y,Y
0,TN07,Kiran Sreepada ,dem,"$206,644","$207,191",N,N
0,TN07,Ronald Brown ,dem,"$1,750",$0,N,N
0,TN07,Scott Vieira Jr ,dem,$655,"$1,049",N,N
0,TN08,David Kustoff ,gop,"$1,641,217","$999,285",Y,Y
0,TN08,Erika Stotts Pearson ,dem,"$19,070","$15,883",N,N
0,TN09,Steve Cohen ,dem,"$607,570","$457,311",Y,Y
0,TN09,Charlotte Bergmann ,gop,"$99,147","$100,532",N,N
0,TN09,Dennis Clark ,gop,"$9,991","$9,919",N,N
0,TX01,Louie Gohmert ,gop,"$552,915","$580,441",Y,Y
0,TX01,Hank Gilbert ,dem,"$968,155","$734,411",N,N
0,TX02,Dan Crenshaw ,gop,"$19,427,865","$17,596,329",Y,Y
0,TX02,Sima Ladjevardian ,dem,"$3,832,697","$3,825,287",N,N
0,TX02,Elliott Scheirman ,dem,"$15,374","$14,296",N,N
0,TX03,Van Taylor ,gop,"$2,655,327","$2,825,378",Y,Y
0,TX03,Helane Seikaly ,dem,"$1,635,185","$1,634,843",N,N
0,TX04,Patrick Fallon ,gop,"$257,174","$95,065",Y,N
0,TX04,Tracy Shawn Jones ,gop,"$13,002","$10,595",N,N
0,TX05,Lance Gooden ,gop,"$1,610,327","$1,311,983",Y,Y
0,TX05,Carolyn Salter ,dem,"$317,848","$289,112",N,N
0,TX05,Kevin Hale ,dem,"$18,405","$6,508",N,N
0,TX06,Ron Wright ,gop,"$912,134","$907,693",Y,Y
0,TX06,Stephen Daniel ,dem,"$680,402","$677,568",N,N
0,TX07,Lizzie Fletcher ,dem,"$6,265,165","$6,246,136",Y,Y
0,TX07,Wesley Hunt ,gop,"$7,524,064","$7,300,122",N,N
0,TX08,Kevin Brady ,gop,"$3,570,477","$3,190,447",Y,Y
0,TX08,Elizabeth Hernandez ,dem,"$17,227","$14,981",N,N
0,TX09,Al Green ,dem,"$460,332","$486,155",Y,Y
0,TX09,Johnny Teague ,gop,"$89,965","$88,366",N,N
0,TX10,Michael McCaul ,gop,"$3,856,477","$3,910,930",Y,Y
0,TX10,Mike Siegel ,dem,"$2,873,926","$2,829,765",N,N
0,TX11,August Pfluger ,gop,"$2,578,540","$1,984,134",Y,N
0,TX11,Jon Mark Hogg ,dem,"$137,730","$135,141",N,N
0,TX12,Kay Granger ,gop,"$3,161,288","$3,271,815",Y,Y
0,TX12,Lisa Welch ,dem,"$98,465","$98,475",N,N
0,TX12,Trey Holcomb ,dem,$967,$457,N,N
0,TX13,Ronny Jackson ,gop,"$2,128,271","$1,741,132",Y,N
0,TX13,Gus Trujillo ,dem,"$22,826","$18,820",N,N
0,TX14,Randy Weber ,gop,"$936,202","$924,659",Y,Y
0,TX14,Adrienne Bell ,dem,"$244,754","$240,934",N,N
0,TX14,Cyrus Sajna ,dem,"$35,096","$34,942",N,N
0,TX14,Michael David Sanchez ,dem,$100,$12,N,N
0,TX15,Vicente Gonzalez ,dem,"$1,008,381","$657,500",Y,Y
0,TX15,Monica De La Cruz ,gop,"$344,893","$338,832",N,N
0,TX16,Veronica Escobar ,dem,"$1,135,549","$1,087,693",Y,Y
0,TX16,Irene Armendariz-Jackson ,gop,"$168,997","$153,671",N,N
0,TX17,Pete Sessions ,gop,"$1,447,958","$1,658,637",Y,N
0,TX17,Rick Kennedy ,dem,"$200,668","$202,096",N,N
0,TX17,Ted Brown ,dem,"$3,041","$3,041",N,N
0,TX18,Sheila Jackson Lee ,dem,"$924,480","$838,414",Y,Y
0,TX18,Wendell Champion ,gop,"$305,645","$271,278",N,N
0,TX19,Jodey Arrington ,gop,"$2,497,184","$1,932,700",Y,Y
0,TX19,Tom Watson ,dem,"$49,405","$60,806",N,N
0,TX20,Joaquin Castro ,dem,"$674,061","$686,934",Y,Y
0,TX20,Mauro Garza ,gop,"$263,293","$240,930",N,N
0,TX21,Chip Roy ,gop,"$5,005,639","$4,679,362",Y,Y
0,TX21,Wendy Davis ,dem,"$10,263,486","$10,201,874",N,N
0,TX21,Michael Felts ,dem,"$3,570","$1,851",N,N
0,TX22,Sri Kulkarni ,dem,"$5,639,061","$5,630,098",N,N
0,TX22,Troy Nehls ,gop,"$1,806,655","$1,787,448",Y,N
0,TX23,Gina Ortiz Jones ,dem,"$6,755,222","$6,842,440",N,N
0,TX23,Tony Gonzales ,gop,"$2,797,133","$2,764,108",Y,N
0,TX24,Candace Valenzuela ,dem,"$4,886,999","$4,875,031",N,N
0,TX24,Beth Van Duyne ,gop,"$3,410,852","$3,342,442",Y,N
0,TX24,Stephen Kuzmich ,gop,"$175,504","$201,332",N,N
0,TX24,Mark Bauer ,gop,"$26,342","$26,542",N,N
0,TX24,Darren Hamilton ,gop,$570,$212,N,N
0,TX25,Roger Williams ,gop,"$2,435,121","$3,347,267",Y,Y
0,TX25,Julie Oliver ,dem,"$2,190,347","$2,176,319",N,N
0,TX26,Michael Burgess ,gop,"$1,806,588","$2,081,391",Y,Y
0,TX26,Carol Iannuzzi ,dem,"$95,937","$95,937",N,N
0,TX27,Michael Cloud ,gop,"$1,014,427","$829,748",Y,Y
0,TX27,Ricardo De La Fuente ,dem,"$312,096","$312,096",N,N
0,TX28,Henry Cuellar ,dem,"$2,655,317","$3,650,848",Y,Y
0,TX28,Sandra Whitten ,gop,"$24,760","$27,354",N,N
0,TX29,Sylvia Garcia ,dem,"$818,984","$758,382",Y,Y
0,TX29,Jaimy Blanco ,gop,"$4,378",$0,N,N
0,TX30,Eddie Bernice Johnson ,dem,"$589,096","$494,547",Y,Y
0,TX30,Demetrick Pennie ,gop,"$311,109","$305,446",N,N
0,TX31,John Carter ,gop,"$2,160,187","$2,214,487",Y,Y
0,TX31,Donna Imam ,dem,"$1,035,222","$1,035,272",N,N
0,TX32,Colin Allred ,dem,"$5,667,725","$5,611,747",Y,Y
0,TX32,Genevieve Collins ,gop,"$5,923,081","$5,915,256",N,N
0,TX32,Jason Sigmon ,gop,"$11,791","$11,651",N,N
0,TX33,Marc Veasey ,dem,"$1,621,929","$1,613,446",Y,Y
0,TX33,Fabian Cordova Vasquez ,gop,"$36,692","$25,585",N,N
0,TX34,Filemon Vela ,dem,"$983,026","$1,024,180",Y,Y
0,TX34,Rey Gonzalez ,gop,"$37,118","$37,446",N,N
0,TX35,Lloyd Doggett ,dem,"$1,336,576","$424,804",Y,Y
0,TX35,Jennifer Sharon ,gop,"$19,011","$14,442",N,N
0,TX35,Jason Mata ,gop,"$2,632","$2,632",N,N
0,TX36,Brian Babin ,gop,"$1,345,351","$1,297,185",Y,Y
0,TX36,Brandon Rashad Lewis ,dem,"$21,714","$12,278",N,N
0,TX37,Lloyd Doggett ,dem,"$1,182,751","$1,258,190",Y,Y
0,TX37,Jennifer Sharon ,gop,"$8,824","$11,835",N,N
0,TX38,Wesley Hunt ,gop,"$5,491,452","$3,431,335",Y,N
0,TX38,Duncan Klussmann ,dem,"$267,130","$267,130",N,N
0,TX38,Joel Dejean ,dem,"$12,956","$12,589",N,N
0,UT01,Blake Moore ,gop,"$844,377","$816,015",Y,N
0,UT01,Darren Parry ,dem,"$41,218","$40,904",N,N
0,UT02,Chris Stewart ,gop,"$835,139","$812,462",Y,Y
0,UT02,John Kael Weston ,dem,"$344,774","$306,872",N,N
0,UT02,Joe Jarvis ,dem,"$22,989","$22,989",N,N
0,UT03,John Curtis ,gop,"$874,311","$687,265",Y,Y
0,UT03,Devin Thorpe ,dem,"$191,412","$190,200",N,N
0,UT03,Thomas G. McNeill ,dem,"$5,516","$5,516",N,N
0,UT03,Russel Fugal ,dem,$393,$346,N,N
0,UT04,Ben McAdams ,dem,"$5,613,542","$5,555,591",N,Y
0,UT04,Burgess Owens ,gop,"$5,129,475","$5,049,146",Y,N
0,UT04,Jonia Broderick ,gop,"$21,394","$21,265",N,N
0,VT01,Peter Welch ,dem,"$847,320","$865,252",Y,Y
0,VA01,Rob Wittman ,gop,"$1,969,785","$2,140,375",Y,Y
0,VA01,Qasim Rashid ,dem,"$1,559,108","$1,559,108",N,N
0,VA02,Elaine Luria ,dem,"$6,522,276","$6,387,474",Y,Y
0,VA02,Scott Taylor ,gop,"$2,452,292","$2,446,410",N,N
0,VA03,Bobby Scott ,dem,"$873,126","$832,419",Y,Y
0,VA03,John Collick ,gop,"$167,146","$165,080",N,N
0,VA04,Donald McEachin ,dem,"$961,412","$963,788",Y,Y
0,VA04,Leon Benjamin ,gop,"$545,354","$523,429",N,N
0,VA05,Cameron Webb ,dem,"$5,755,917","$5,750,924",N,N
0,VA05,Bob Good ,gop,"$1,373,867","$1,323,530",Y,N
0,VA06,Ben Cline ,gop,"$892,955","$672,928",Y,Y
0,VA06,Nicholas Betts ,dem,"$56,190","$54,205",N,N
0,VA07,Abigail Spanberger ,dem,"$8,387,680","$7,852,213",Y,Y
0,VA07,Nick Freitas ,gop,"$3,629,431","$3,600,108",N,N
0,VA08,Don Beyer ,dem,"$1,729,482","$2,071,906",Y,Y
0,VA08,Jeff Jordan ,gop,"$96,035","$96,035",N,N
0,VA08,Heerak Christian Kim ,gop,"$2,036","$1,921",N,N
0,VA09,Morgan Griffith ,gop,"$873,612","$463,916",Y,Y
0,VA10,Jennifer Wexton ,dem,"$3,855,331","$1,772,250",Y,Y
0,VA10,Aliscia Andrews ,gop,"$1,567,598","$1,413,145",N,N
0,VA11,Gerry Connolly ,dem,"$1,998,592","$1,811,776",Y,Y
0,VA11,Manga Anantatmula ,gop,"$282,152","$268,326",N,N
0,VA11,Stevan Porter ,gop,$533,"$1,316",N,N
0,WA01,Suzan DelBene ,dem,"$2,182,985","$1,897,162",Y,Y
0,WA01,Jeffrey Beeler ,gop,"$61,970","$62,279",N,N
0,WA02,Rick Larsen ,dem,"$1,275,127","$1,219,489",Y,Y
0,WA02,Tim Hazelo ,gop,"$49,478","$49,322",N,N
0,WA03,Jaime Herrera Beutler ,gop,"$4,566,383","$4,540,148",Y,Y
0,WA03,Carolyn Long ,dem,"$4,130,540","$4,142,685",N,N
0,WA04,Dan Newhouse ,gop,"$1,173,464","$991,174",Y,Y
0,WA04,Doug McKinley ,dem,"$57,666","$54,227",N,N
0,WA05,Cathy McMorris Rodgers ,gop,"$4,349,448","$3,432,572",Y,Y
0,WA05,Dave Wilson ,dem,"$109,636","$109,636",N,N
0,WA06,Derek Kilmer ,dem,"$2,524,026","$2,531,111",Y,Y
0,WA06,Elizabeth Kreiselmaier ,gop,"$156,123","$145,108",N,N
0,WA07,Pramila Jayapal ,dem,"$2,630,000","$1,530,626",Y,Y
0,WA07,Craig Keller ,gop,"$2,904","$3,703",N,N
0,WA08,Kim Schrier ,dem,"$5,422,491","$3,774,398",Y,Y
0,WA08,Jesse Jensen ,gop,"$852,396","$842,269",N,N
0,WA09,Adam Smith ,dem,"$1,324,761","$930,710",Y,Y
0,WA09,Doug Basler ,gop,"$22,536","$18,328",N,N
0,WA10,Marilyn Strickland ,dem,"$1,812,659","$1,780,633",Y,N
0,WA10,Beth Doglio ,dem,"$1,477,678","$1,477,678",N,N
0,WV01,David McKinley ,gop,"$1,092,609","$1,085,864",Y,Y
0,WV01,Natalie Ms. Cline ,dem,"$81,032","$81,881",N,N
0,WV02,Alex Mooney ,gop,"$2,155,978","$864,001",Y,Y
0,WV02,Catherine Kunkel ,dem,"$641,567","$641,567",N,N
0,WI01,Bryan Steil ,gop,"$3,500,849","$3,151,701",Y,Y
0,WI01,Roger Polack ,dem,"$536,228","$526,431",N,N
0,WI02,Mark Pocan ,dem,"$1,290,582","$1,014,628",Y,Y
0,WI02,Peter Theron ,gop,"$35,753","$33,977",N,N
0,WI03,Ron Kind ,dem,"$2,989,262","$4,435,403",Y,Y
0,WI03,Derrick Van Orden ,gop,"$1,962,443","$1,948,639",N,N
0,WI04,Gwen Moore ,dem,"$1,183,995","$1,166,739",Y,Y
0,WI05,Scott Fitzgerald ,gop,"$1,155,721","$968,406",Y,N
0,WI05,Tom Palzewicz ,dem,"$370,392","$371,799",N,N
0,WI06,Glenn S Grothman ,gop,"$1,815,756","$1,736,659",Y,Y
0,WI06,Jessica King ,dem,"$287,753","$245,788",N,N
0,WI07,Tom Tiffany ,gop,"$2,637,459","$2,514,740",Y,Y
0,WI07,Tricia Zunker ,dem,"$1,261,957","$1,232,690",N,N
0,WI08,Mike Gallagher ,gop,"$3,202,905","$2,841,801",Y,Y
0,WI08,Amanda Stuck ,dem,"$416,978","$399,916",N,N
0,WY01,Liz Cheney ,gop,"$3,003,883","$3,060,167",Y,Y
0,WY01,Lynnette Grey Bull ,dem,"$134,597","$132,235",N,N
