Seat,Candidate,Party,Incumbent,Percent,Votes,Year
Alabama_district_1,Carl,gop,N,64.4,"211,825",2020
Alabama_district_1,Averhart,dem,N,35.6,"116,949",2020
Alabama_district_2,Moore,gop,N,65.3,"197,996",2020
Alabama_district_2,Harvey-Hall,dem,N,34.7,"105,286",2020
Alabama_district_3,Rogers,gop,Y,67.5,"217,384",2020
Alabama_district_3,Winfrey,dem,N,32.5,"104,595",2020
Alabama_district_4,Aderholt,gop,Y,82.3,"261,553",2020
Alabama_district_4,Neighbors,dem,N,17.7,"56,237",2020
Alabama_district_5,Brooks,gop,Y,0,0,2020
Alabama_district_6,Palmer,gop,Y,0,0,2020
Alabama_district_7,Sewell,dem,Y,0,0,2020
Alaska_district_1,Young,gop,Y,54.6,"192,126",2020
Alaska_district_1,Galvin,dem,N,45.4,"159,856",2020
Arizona_district_1,O'Halleran,dem,Y,51.6,"188,469",2020
Arizona_district_1,Shedd,gop,N,48.4,"176,709",2020
Arizona_district_2,Kirkpatrick,dem,Y,55.1,"209,945",2020
Arizona_district_2,Martin,gop,N,44.9,"170,975",2020
Arizona_district_3,Grijalva,dem,Y,64.6,"174,243",2020
Arizona_district_3,Wood,gop,N,35.4,"95,594",2020
Arizona_district_4,Gosar,gop,Y,69.8,"278,002",2020
Arizona_district_4,DiSanto,dem,N,30.2,"120,484",2020
Arizona_district_5,Biggs,gop,Y,58.9,"262,414",2020
Arizona_district_5,Greene,dem,N,41.1,"183,171",2020
Arizona_district_6,Schweikert,gop,Y,52.2,"217,783",2020
Arizona_district_6,Tipirneni,dem,N,47.8,"199,644",2020
Arizona_district_7,Gallego,dem,Y,76.7,"165,452",2020
Arizona_district_7,Barnett,gop,N,23.3,"50,226",2020
Arizona_district_8,Lesko,gop,Y,59.6,"251,633",2020
Arizona_district_8,Muscato,dem,N,40.4,"170,816",2020
Arizona_district_9,Stanton,dem,Y,61.6,"217,094",2020
Arizona_district_9,Giles,gop,N,38.4,"135,180",2020
Arkansas_district_1,Crawford,gop,Y,0,0,2020
Arkansas_district_2,Hill,gop,Y,55.4,"184,093",2020
Arkansas_district_2,Elliott,dem,N,44.6,"148,410",2020
Arkansas_district_3,Womack,gop,Y,64.3,"214,960",2020
Arkansas_district_3,Williams,dem,N,31.8,"106,325",2020
Arkansas_district_4,Westerman,gop,Y,69.7,"191,617",2020
Arkansas_district_4,Hanson,dem,N,27.5,"75,750",2020
California_district_1,LaMalfa,gop,Y,57,"204,190",2020
California_district_1,Denney,dem,N,43,"154,073",2020
California_district_2,Huffman,dem,Y,75.7,"294,435",2020
California_district_2,Mensing,gop,N,24.3,"94,320",2020
California_district_3,Garamendi,dem,Y,54.7,"176,043",2020
California_district_3,Hamilton,gop,N,45.3,"145,945",2020
California_district_4,McClintock,gop,Y,55.9,"247,291",2020
California_district_4,Kennedy,dem,N,44.1,"194,731",2020
California_district_5,Thompson,dem,Y,76.1,"271,233",2020
California_district_5,Giblin,gop,N,23.9,"85,227",2020
California_district_6,Matsui,dem,Y,73.3,"229,648",2020
California_district_6,Bish,gop,N,26.7,"83,466",2020
California_district_7,Bera,dem,Y,56.6,"217,416",2020
California_district_7,Patterson,gop,N,43.4,"166,549",2020
California_district_8,Obernolte,gop,N,56.1,"158,711",2020
California_district_8,Bubser,dem,N,43.9,"124,400",2020
California_district_9,McNerney,dem,Y,57.6,"174,252",2020
California_district_9,Amador,gop,N,42.4,"128,358",2020
California_district_10,Harder,dem,Y,55.2,"166,865",2020
California_district_10,Howze,gop,N,44.8,"135,629",2020
California_district_11,DeSaulnier,dem,Y,73,"271,063",2020
California_district_11,Sharma,gop,N,27,"100,293",2020
California_district_12,Pelosi,dem,Y,77.6,"281,776",2020
California_district_12,Buttar,dem,N,22.4,"81,174",2020
California_district_13,Lee,dem,Y,90.4,"327,863",2020
California_district_13,Piterman,gop,N,9.6,"34,955",2020
California_district_14,Speier,dem,Y,79.3,"278,300",2020
California_district_14,Petel,gop,N,20.7,"72,705",2020
California_district_15,Swalwell,dem,Y,70.9,"242,991",2020
California_district_15,Hayden,gop,N,29.1,"99,710",2020
California_district_16,Costa,dem,Y,59.4,"128,690",2020
California_district_16,Cookingham,gop,N,40.6,"88,039",2020
California_district_17,Khanna,dem,Y,71.3,"212,137",2020
California_district_17,Tandon,gop,N,28.7,"85,199",2020
California_district_18,Eshoo,dem,Y,63.2,"217,388",2020
California_district_18,Kumar,dem,N,36.8,"126,751",2020
California_district_19,Lofgren,dem,Y,71.7,"224,385",2020
California_district_19,Aguilera,gop,N,28.3,"88,642",2020
California_district_20,Panetta,dem,Y,76.8,"236,896",2020
California_district_20,Gorman,gop,N,23.2,"71,658",2020
California_district_21,Valadao,gop,N,50.4,"85,928",2020
California_district_21,Cox,dem,Y,49.6,"84,406",2020
California_district_22,Nunes,gop,Y,54.2,"170,888",2020
California_district_22,Arballo,dem,N,45.8,"144,251",2020
California_district_23,McCarthy,gop,Y,62.1,"190,222",2020
California_district_23,Mangone,dem,N,37.9,"115,896",2020
California_district_24,Carbajal,dem,Y,58.7,"212,564",2020
California_district_24,Caldwell,gop,N,41.3,"149,781",2020
California_district_25,Garcia,gop,Y,50,"169,638",2020
California_district_25,Smith,dem,N,50,"169,305",2020
California_district_26,Brownley,dem,Y,60.6,"208,856",2020
California_district_26,Baldwin-Kennedy,gop,N,39.4,"135,877",2020
California_district_27,Chu,dem,Y,69.8,"221,411",2020
California_district_27,Nalbandian,gop,N,30.2,"95,907",2020
California_district_28,Schiff,dem,Y,72.7,"244,271",2020
California_district_28,Early,gop,N,27.3,"91,928",2020
California_district_29,Cardenas,dem,Y,56.6,"119,420",2020
California_district_29,Duenas,dem,N,43.4,"91,524",2020
California_district_30,Sherman,dem,Y,69.5,"240,038",2020
California_district_30,Reed,gop,N,30.5,"105,426",2020
California_district_31,Aguilar,dem,Y,61.3,"175,315",2020
California_district_31,Gibboney,gop,N,38.7,"110,735",2020
California_district_32,Napolitano,dem,Y,66.6,"172,942",2020
California_district_32,Scott,gop,N,33.4,"86,818",2020
California_district_33,Lieu,dem,Y,67.6,"257,094",2020
California_district_33,Bradley,gop,N,32.4,"123,334",2020
California_district_34,Gomez,dem,Y,53,"108,792",2020
California_district_34,Kim,dem,N,47,"96,554",2020
California_district_35,Torres,dem,Y,69.3,"169,405",2020
California_district_35,Cargile,gop,N,30.7,"74,941",2020
California_district_36,Ruiz,dem,Y,60.3,"185,151",2020
California_district_36,Cruz,gop,N,39.7,"121,698",2020
California_district_37,Bass,dem,Y,85.9,"254,916",2020
California_district_37,Webber,gop,N,14.1,"41,705",2020
California_district_38,Sanchez,dem,Y,74.3,"190,467",2020
California_district_38,Tolar,dem,N,25.7,"65,739",2020
California_district_39,Kim,gop,N,50.6,"173,946",2020
California_district_39,Cisneros,dem,Y,49.4,"169,837",2020
California_district_40,Roybal-Allard,dem,Y,72.7,"135,572",2020
California_district_40,Delgado,gop,N,27.3,"50,809",2020
California_district_41,Takano,dem,Y,64,"168,126",2020
California_district_41,Smith,gop,N,36,"94,447",2020
California_district_42,Calvert,gop,Y,57.1,"210,274",2020
California_district_42,O'Mara,dem,N,42.9,"157,773",2020
California_district_43,Waters,dem,Y,71.7,"199,210",2020
California_district_43,Collins,gop,N,28.3,"78,688",2020
California_district_44,Barragan,dem,Y,67.8,"139,661",2020
California_district_44,Joya,dem,N,32.2,"66,375",2020
California_district_45,Porter,dem,Y,53.5,"221,843",2020
California_district_45,Raths,gop,N,46.5,"193,096",2020
California_district_46,Correa,dem,Y,68.8,"157,803",2020
California_district_46,Waters,gop,N,31.2,"71,716",2020
California_district_47,Lowenthal,dem,Y,63.3,"197,028",2020
California_district_47,Briscoe,gop,N,36.7,"114,371",2020
California_district_48,Steel,gop,N,51.1,"201,738",2020
California_district_48,Rouda,dem,Y,48.9,"193,362",2020
California_district_49,Levin,dem,Y,53.1,"205,349",2020
California_district_49,Maryott,gop,N,46.9,"181,157",2020
California_district_50,Issa,gop,N,54,"195,521",2020
California_district_50,Campa-Najjar,dem,N,46,"166,869",2020
California_district_51,Vargas,dem,Y,68.3,"165,596",2020
California_district_51,Hidalgo,gop,N,31.7,"76,841",2020
California_district_52,Peters,dem,Y,61.6,"244,145",2020
California_district_52,DeBello,gop,N,38.4,"152,350",2020
California_district_53,Jacobs,dem,N,59.5,"199,244",2020
California_district_53,Gomez,dem,N,40.5,"135,614",2020
Colorado_district_1,DeGette,dem,Y,73.6,"331,621",2020
Colorado_district_1,Bolling,gop,N,23.5,"105,955",2020
Colorado_district_2,Neguse,dem,Y,61.5,"316,925",2020
Colorado_district_2,Winn,gop,N,35.4,"182,547",2020
Colorado_district_3,Boebert,gop,N,51.4,"220,634",2020
Colorado_district_3,Mitsch Bush,dem,N,45.2,"194,122",2020
Colorado_district_4,Buck,gop,Y,60.1,"285,606",2020
Colorado_district_4,McCorkle,dem,N,36.6,"173,945",2020
Colorado_district_5,Lamborn,gop,Y,57.6,"249,013",2020
Colorado_district_5,Freeland,dem,N,37.4,"161,600",2020
Colorado_district_6,Crow,dem,Y,57.1,"250,314",2020
Colorado_district_6,House,gop,N,40,"175,192",2020
Colorado_district_7,Perlmutter,dem,Y,59.1,"250,525",2020
Colorado_district_7,Stockham,gop,N,37.6,"159,301",2020
Connecticut_district_1,Larson,dem,Y,63.8,"222,668",2020
Connecticut_district_1,Fay,gop,N,35,"122,111",2020
Connecticut_district_2,Courtney,dem,Y,59.4,"217,982",2020
Connecticut_district_2,Anderson,gop,N,38.2,"140,340",2020
Connecticut_district_3,DeLauro,dem,Y,58.7,"203,265",2020
Connecticut_district_3,Streicker,gop,N,39.8,"137,596",2020
Connecticut_district_4,Himes,dem,Y,62.2,"223,832",2020
Connecticut_district_4,Riddle,gop,N,36.3,"130,627",2020
Connecticut_district_5,Hayes,dem,Y,55.1,"192,484",2020
Connecticut_district_5,Sullivan,gop,N,43.5,"151,988",2020
Delaware_district_1,Rochester,dem,Y,57.6,"281,382",2020
Delaware_district_1,Murphy,gop,N,40.2,"196,392",2020
Florida_district_1,Gaetz,gop,Y,64.6,"283,352",2020
Florida_district_1,Ehr,dem,N,34,"149,172",2020
Florida_district_2,Dunn,gop,Y,0,0,2020
Florida_district_3,Cammack,gop,N,57.1,"223,075",2020
Florida_district_3,Christensen,dem,N,42.9,"167,326",2020
Florida_district_4,Rutherford,gop,Y,61.1,"308,497",2020
Florida_district_4,Deegan,dem,N,38.9,"196,423",2020
Florida_district_5,Lawson,dem,Y,65.1,"219,463",2020
Florida_district_5,Adler,gop,N,34.9,"117,510",2020
Florida_district_6,Waltz,gop,Y,60.6,"265,393",2020
Florida_district_6,Curtis,dem,N,39.4,"172,305",2020
Florida_district_7,Murphy,dem,Y,55.3,"224,946",2020
Florida_district_7,Valentin,gop,N,43.2,"175,750",2020
Florida_district_8,Posey,gop,Y,61.4,"282,093",2020
Florida_district_8,Kennedy,dem,N,38.6,"177,695",2020
Florida_district_9,Soto,dem,Y,56,"240,724",2020
Florida_district_9,Olson,gop,N,44,"188,889",2020
Florida_district_10,Demings,dem,Y,63.6,"239,434",2020
Florida_district_10,Francois,gop,N,36.4,"136,889",2020
Florida_district_11,Webster,gop,Y,66.7,"316,979",2020
Florida_district_11,Cottrell,dem,N,33.3,"158,094",2020
Florida_district_12,Bilirakis,gop,Y,62.9,"284,941",2020
Florida_district_12,Walker,dem,N,37.1,"168,194",2020
Florida_district_13,Crist,dem,Y,53,"215,405",2020
Florida_district_13,Luna,gop,N,47,"190,713",2020
Florida_district_14,Castor,dem,Y,60.3,"224,240",2020
Florida_district_14,Quinn,gop,N,39.7,"147,896",2020
Florida_district_15,Franklin,gop,N,55.4,"216,374",2020
Florida_district_15,Cohn,dem,N,44.6,"174,297",2020
Florida_district_16,Buchanan,gop,Y,55.5,"269,001",2020
Florida_district_16,Good,dem,N,44.5,"215,683",2020
Florida_district_17,Steube,gop,Y,64.6,"266,514",2020
Florida_district_17,Ellison,dem,N,34.1,"140,487",2020
Florida_district_18,Mast,gop,Y,56.3,"253,286",2020
Florida_district_18,Keith,dem,N,41.5,"186,674",2020
Florida_district_19,Donalds,gop,N,61.3,"272,440",2020
Florida_district_19,Banyai,dem,N,38.7,"172,146",2020
Florida_district_20,Hastings,dem,Y,78.7,"253,661",2020
Florida_district_20,Musselwhite,gop,N,21.3,"68,748",2020
Florida_district_21,Frankel,dem,Y,59,"237,925",2020
Florida_district_21,Loomer,gop,N,39.1,"157,612",2020
Florida_district_22,Deutch,dem,Y,58.6,"235,764",2020
Florida_district_22,Pruden,gop,N,41.4,"166,553",2020
Florida_district_23,Wasserman Schultz,dem,Y,58.2,"221,239",2020
Florida_district_23,Spalding,gop,N,41.8,"158,874",2020
Florida_district_24,Wilson,dem,Y,75.6,"218,825",2020
Florida_district_24,Spicer,gop,N,20.4,"59,084",2020
Florida_district_25,Diaz-Balart,gop,Y,0,0,2020
Florida_district_26,Gimenez,gop,N,51.7,"177,223",2020
Florida_district_26,Mucarsel-Powell,dem,Y,48.3,"165,407",2020
Florida_district_27,Salazar,gop,N,51.4,"176,141",2020
Florida_district_27,Shalala,dem,Y,48.6,"166,758",2020
Georgia_district_1,Carter,gop,Y,58.3,"189,457",2020
Georgia_district_1,Griggs,dem,N,41.7,"135,238",2020
Georgia_district_2,Bishop,dem,Y,59.1,"161,397",2020
Georgia_district_2,Cole,gop,N,40.9,"111,620",2020
Georgia_district_3,Ferguson,gop,Y,65,"241,526",2020
Georgia_district_3,Almonord,dem,N,35,"129,792",2020
Georgia_district_4,Johnson,dem,Y,80.1,"278,906",2020
Georgia_district_4,Ezammudeen,gop,N,19.9,"69,393",2020
Georgia_district_5,Williams,dem,N,85.1,"301,857",2020
Georgia_district_5,Stanton-King,gop,N,14.9,"52,646",2020
Georgia_district_6,McBath,dem,Y,54.6,"216,775",2020
Georgia_district_6,Handel,gop,N,45.4,"180,329",2020
Georgia_district_7,Bourdeaux,dem,N,51.4,"190,900",2020
Georgia_district_7,McCormick,gop,N,48.6,"180,564",2020
Georgia_district_8,Scott,gop,Y,64.5,"198,701",2020
Georgia_district_8,Holliday,dem,N,35.5,"109,264",2020
Georgia_district_9,Clyde,gop,N,78.6,"292,750",2020
Georgia_district_9,Pandy,dem,N,21.4,"79,797",2020
Georgia_district_10,Hice,gop,Y,62.3,"235,810",2020
Georgia_district_10,Johnson-Green,dem,N,37.7,"142,636",2020
Georgia_district_11,Loudermilk,gop,Y,60.4,"245,259",2020
Georgia_district_11,Barrett,dem,N,39.6,"160,623",2020
Georgia_district_12,Allen,gop,Y,58.4,"181,038",2020
Georgia_district_12,Johnson,dem,N,41.6,"129,061",2020
Georgia_district_13,Scott,dem,Y,77.4,"279,045",2020
Georgia_district_13,Hites,gop,N,22.6,"81,476",2020
Georgia_district_14,Greene,gop,N,74.7,"229,827",2020
Georgia_district_14,Van Ausdal,dem,N,25.3,"77,798",2020
Hawaii_district_1,Case,dem,Y,72,"183,245",2020
Hawaii_district_1,Curtis,gop,N,28,"71,188",2020
Hawaii_district_2,Kahele,dem,N,63,"171,517",2020
Hawaii_district_2,Akana,gop,N,30.9,"84,027",2020
Idaho_district_1,Fulcher,gop,Y,67.8,"310,736",2020
Idaho_district_1,Soto,dem,N,28.6,"131,380",2020
Idaho_district_2,Simpson,gop,Y,64.1,"250,669",2020
Idaho_district_2,Swisher,dem,N,31.7,"124,151",2020
Illinois_district_1,Rush,dem,Y,73.8,"239,943",2020
Illinois_district_1,White,gop,N,26.2,"85,027",2020
Illinois_district_2,Kelly,dem,Y,78.8,"234,896",2020
Illinois_district_2,Raborn,gop,N,21.2,"63,142",2020
Illinois_district_3,Newman,dem,N,56.4,"172,997",2020
Illinois_district_3,Fricilone,gop,N,43.6,"133,851",2020
Illinois_district_4,Garcia,dem,Y,84.1,"187,219",2020
Illinois_district_4,Solorio,gop,N,15.9,"35,518",2020
Illinois_district_5,Quigley,dem,Y,70.8,"255,661",2020
Illinois_district_5,Hanson,gop,N,26.6,"96,200",2020
Illinois_district_6,Casten,dem,Y,52.8,"213,777",2020
Illinois_district_6,Ives,gop,N,45.4,"183,891",2020
Illinois_district_7,Davis,dem,Y,80.4,"249,383",2020
Illinois_district_7,Cameron,gop,N,13.3,"41,390",2020
Illinois_district_8,Krishnamoorthi,dem,Y,73.2,"186,251",2020
Illinois_district_9,J. Schakowsky,dem,Y,71,"262,045",2020
Illinois_district_9,S. Sangari,gop,N,29,"107,125",2020
Illinois_district_10,Schneider,dem,Y,63.9,"202,402",2020
Illinois_district_10,Ramirez Mukherjee,gop,N,36.1,"114,442",2020
Illinois_district_11,Foster,dem,Y,63.3,"194,557",2020
Illinois_district_11,Laib,gop,N,36.7,"112,807",2020
Illinois_district_12,Bost,gop,Y,60.4,"194,839",2020
Illinois_district_12,Lenzi,dem,N,39.6,"127,577",2020
Illinois_district_13,Davis,gop,Y,54.5,"181,373",2020
Illinois_district_13,Dirksen Londrigan,dem,N,45.5,"151,648",2020
Illinois_district_14,Underwood,dem,Y,50.7,"203,209",2020
Illinois_district_14,Oberweis,gop,N,49.3,"197,835",2020
Illinois_district_15,Miller,gop,N,73.4,"244,947",2020
Illinois_district_15,Weaver,dem,N,26.6,"88,559",2020
Illinois_district_16,Kinzinger,gop,Y,64.7,"218,839",2020
Illinois_district_16,Brzozowski,dem,N,35.3,"119,313",2020
Illinois_district_17,Bustos,dem,Y,52,"156,011",2020
Illinois_district_17,King,gop,N,48,"143,863",2020
Illinois_district_18,LaHood,gop,Y,70.4,"261,840",2020
Illinois_district_18,Petrilli,dem,N,29.6,"110,039",2020
Indiana_district_1,Mrvan,dem,N,56.6,"185,180",2020
Indiana_district_1,Leyva,gop,N,40.4,"132,247",2020
Indiana_district_2,Walorski,gop,Y,61.5,"183,601",2020
Indiana_district_2,Hackett,dem,N,38.5,"114,967",2020
Indiana_district_3,Banks,gop,Y,67.8,"220,989",2020
Indiana_district_3,Coldiron,dem,N,32.2,"104,762",2020
Indiana_district_4,Baird,gop,Y,66.6,"225,531",2020
Indiana_district_4,Mackey,dem,N,33.4,"112,984",2020
Indiana_district_5,Spartz,gop,N,50,"208,212",2020
Indiana_district_5,Hale,dem,N,45.9,"191,226",2020
Indiana_district_6,Pence,gop,Y,68.7,"225,318",2020
Indiana_district_6,Lake,dem,N,27.8,"91,103",2020
Indiana_district_7,Carson,dem,Y,62.4,"176,422",2020
Indiana_district_7,Smith,gop,N,37.6,"106,146",2020
Indiana_district_8,Bucshon,gop,Y,66.9,"214,643",2020
Indiana_district_8,Marsili,dem,N,29.8,"95,691",2020
Indiana_district_9,Hollingsworth,gop,Y,60.9,"218,606",2020
Indiana_district_9,Ruff,dem,N,34.8,"124,826",2020
Iowa_district_1,Hinson,gop,N,51.3,"212,088",2020
Iowa_district_1,Finkenauer,dem,Y,48.7,"201,347",2020
Iowa_district_2,Miller-Meeks,gop,N,50,"196,964",2020
Iowa_district_2,Hart,dem,N,50,"196,958",2020
Iowa_district_3,Axne,dem,Y,49,"219,205",2020
Iowa_district_3,Young,gop,N,47.6,"212,997",2020
Iowa_district_4,Feenstra,gop,N,62.1,"237,369",2020
Iowa_district_4,Scholten,dem,N,37.9,"144,761",2020
Kansas_district_1,Mann,gop,N,71.2,"208,229",2020
Kansas_district_1,Barnett,dem,N,28.8,"84,393",2020
Kansas_district_2,LaTurner,gop,N,55.1,"185,464",2020
Kansas_district_2,De La Isla,dem,N,40.6,"136,650",2020
Kansas_district_3,Davids,dem,Y,53.6,"220,049",2020
Kansas_district_3,Adkins,gop,N,43.6,"178,773",2020
Kansas_district_4,Estes,gop,Y,63.7,"203,432",2020
Kansas_district_4,Lombard,dem,N,36.3,"116,166",2020
Kentucky_district_1,Comer,gop,Y,75,"246,329",2020
Kentucky_district_1,Rhodes,dem,N,25,"82,141",2020
Kentucky_district_2,Guthrie,gop,Y,71,"255,735",2020
Kentucky_district_2,Linderman,dem,N,26.3,"94,643",2020
Kentucky_district_3,Yarmuth,dem,Y,62.7,"230,672",2020
Kentucky_district_3,Palazzo,gop,N,37.3,"137,425",2020
Kentucky_district_4,Massie,gop,Y,67.1,"256,613",2020
Kentucky_district_4,Owensby,dem,N,32.9,"125,896",2020
Kentucky_district_5,Rogers,gop,Y,84.2,"250,914",2020
Kentucky_district_5,Best,dem,N,15.8,"47,056",2020
Kentucky_district_6,Barr,gop,Y,57.3,"216,948",2020
Kentucky_district_6,Hicks,dem,N,41,"155,011",2020
Louisiana_district_1,Scalise,gop,Y,72.2,"270,330",2020
Louisiana_district_1,Dugas,dem,N,25.3,"94,730",2020
Louisiana_district_2,Richmond,dem,Y,63.6,"201,636",2020
Louisiana_district_2,Schilling,gop,N,15,"47,575",2020
Louisiana_district_2,G. Harris,dem,N,10.6,"33,684",2020
Louisiana_district_2,Vincent,gop,N,4.9,"15,565",2020
Louisiana_district_3,C. Higgins,gop,Y,67.8,"230,480",2020
Louisiana_district_3,B. Harris,dem,N,17.9,"60,852",2020
Louisiana_district_3,Anderson,dem,N,11.6,"39,423",2020
Louisiana_district_4,Johnson,gop,Y,60.4,"185,265",2020
Louisiana_district_4,Houston,dem,N,25.5,"78,157",2020
Louisiana_district_4,Trundle,dem,N,7.8,"23,813",2020
Louisiana_district_4,Gibson,gop,N,6.3,"19,343",2020
Louisiana_district_5,Letlow,gop,N,33.1,"102,533",2020
Louisiana_district_5,L. Harris,gop,N,16.6,"51,240",2020
Louisiana_district_5,Christophe,dem,N,16.4,"50,812",2020
Louisiana_district_5,Lemelle,dem,N,10.4,"32,186",2020
Louisiana_district_6,Graves,gop,Y,71,"265,706",2020
Louisiana_district_6,Williams,dem,N,25.5,"95,541",2020
Maine_district_1,Pingree,dem,Y,62.2,"271,004",2020
Maine_district_1,Allen,gop,N,37.8,"165,008",2020
Maine_district_2,Golden,dem,Y,53,"197,974",2020
Maine_district_2,Crafts,gop,N,47,"175,228",2020
Maryland_district_1,Harris,gop,Y,63.6,"250,901",2020
Maryland_district_1,Mason,dem,N,36.4,"143,877",2020
Maryland_district_2,Ruppersberger,dem,Y,67.9,"224,836",2020
Maryland_district_2,Salling,gop,N,32.1,"106,355",2020
Maryland_district_3,Sarbanes,dem,Y,69.9,"260,358",2020
Maryland_district_3,Anthony,gop,N,30.1,"112,117",2020
Maryland_district_4,Brown,dem,Y,79.7,"282,119",2020
Maryland_district_4,McDermott,gop,N,20.3,"71,671",2020
Maryland_district_5,Hoyer,dem,Y,68.9,"274,210",2020
Maryland_district_5,Palombi,gop,N,31.1,"123,525",2020
Maryland_district_6,Trone,dem,Y,58.9,"215,540",2020
Maryland_district_6,Parrott,gop,N,39.2,"143,599",2020
Maryland_district_7,Mfume,dem,Y,71.9,"237,084",2020
Maryland_district_7,Klacik,gop,N,28.1,"92,825",2020
Maryland_district_8,Raskin,dem,Y,68.4,"274,716",2020
Maryland_district_8,Coll,gop,N,31.6,"127,157",2020
Massachusetts_district_1,Neal,dem,Y,0,0,2020
Massachusetts_district_2,McGovern,dem,Y,65.4,"249,854",2020
Massachusetts_district_2,Lovvorn,gop,N,34.6,"132,220",2020
Massachusetts_district_3,Trahan,dem,Y,0,0,2020
Massachusetts_district_4,Auchincloss,dem,N,61,"251,102",2020
Massachusetts_district_4,Hall,gop,N,39,"160,474",2020
Massachusetts_district_5,Clark,dem,Y,74.4,"294,427",2020
Massachusetts_district_5,Colarusso,gop,N,25.6,"101,351",2020
Massachusetts_district_6,Moulton,dem,Y,65.5,"286,377",2020
Massachusetts_district_6,Moran,gop,N,34.5,"150,695",2020
Massachusetts_district_7,Pressley,dem,Y,87.4,"267,362",2020
Massachusetts_district_8,Lynch,dem,Y,81.2,"310,940",2020
Massachusetts_district_9,Keating,dem,Y,61.3,"260,262",2020
Massachusetts_district_9,Brady,gop,N,36.4,"154,261",2020
Michigan_district_1,Bergman,gop,Y,61.6,"256,581",2020
Michigan_district_1,Ferguson,dem,N,36.8,"153,328",2020
Michigan_district_2,Huizenga,gop,Y,59.2,"238,711",2020
Michigan_district_2,Berghoef,dem,N,38.2,"154,122",2020
Michigan_district_3,Meijer,gop,N,53,"213,649",2020
Michigan_district_3,Scholten,dem,N,47,"189,769",2020
Michigan_district_4,Moolenaar,gop,Y,65,"242,621",2020
Michigan_district_4,Hilliard,dem,N,32.4,"120,802",2020
Michigan_district_5,Kildee,dem,Y,54.5,"196,599",2020
Michigan_district_5,Kelly,gop,N,41.8,"150,772",2020
Michigan_district_6,Upton,gop,Y,55.9,"211,496",2020
Michigan_district_6,Hoadley,dem,N,40.2,"152,085",2020
Michigan_district_7,Walberg,gop,Y,58.8,"227,524",2020
Michigan_district_7,Driskell,dem,N,41.2,"159,743",2020
Michigan_district_8,Slotkin,dem,Y,50.9,"217,922",2020
Michigan_district_8,Junge,gop,N,47.3,"202,525",2020
Michigan_district_9,Levin,dem,Y,57.7,"230,318",2020
Michigan_district_9,Langworthy,gop,N,38.4,"153,296",2020
Michigan_district_10,McClain,gop,N,66.3,"271,607",2020
Michigan_district_10,Bizon,dem,N,33.7,"138,179",2020
Michigan_district_11,Stevens,dem,Y,50.2,"226,128",2020
Michigan_district_11,Esshaki,gop,N,47.8,"215,405",2020
Michigan_district_12,Dingell,dem,Y,66.4,"254,957",2020
Michigan_district_12,Jones,gop,N,30.7,"117,719",2020
Michigan_district_13,Tlaib,dem,Y,78.1,"223,205",2020
Michigan_district_13,Dudenhoefer,gop,N,18.6,"53,311",2020
Michigan_district_14,Lawrence,dem,Y,79.3,"271,370",2020
Michigan_district_14,Patrick,gop,N,18.3,"62,664",2020
Minnesota_district_1,Hagedorn,gop,Y,48.6,"179,234",2020
Minnesota_district_1,Feehan,dem,N,45.6,"167,890",2020
Minnesota_district_2,Craig,dem,Y,48.2,"204,534",2020
Minnesota_district_2,Kistner,gop,N,46,"194,954",2020
Minnesota_district_3,Phillips,dem,Y,55.6,"246,666",2020
Minnesota_district_3,Qualls,gop,N,44.4,"196,625",2020
Minnesota_district_4,McCollum,dem,Y,63.3,"245,813",2020
Minnesota_district_4,Rechtzigel,gop,N,29,"112,730",2020
Minnesota_district_5,Omar,dem,Y,64.5,"255,924",2020
Minnesota_district_5,L. Johnson,gop,N,25.9,"102,878",2020
Minnesota_district_6,Emmer,gop,Y,65.8,"270,901",2020
Minnesota_district_6,Zahradka,dem,N,34.2,"140,853",2020
Minnesota_district_7,Fischbach,gop,N,53.4,"194,066",2020
Minnesota_district_7,Peterson,dem,Y,39.9,"144,840",2020
Minnesota_district_8,Stauber,gop,Y,56.8,"223,432",2020
Minnesota_district_8,Nystrom,dem,N,37.6,"147,853",2020
Mississippi_district_1,Kelly,gop,Y,68.7,"228,787",2020
Mississippi_district_1,Eliason,dem,N,31.3,"104,008",2020
Mississippi_district_2,Thompson,dem,Y,66,"196,224",2020
Mississippi_district_2,Flowers,gop,N,34,"101,010",2020
Mississippi_district_3,Guest,gop,Y,64.7,"221,064",2020
Mississippi_district_3,Benford,dem,N,35.3,"120,782",2020
Mississippi_district_4,Palazzo,gop,Y,0,0,2020
Missouri_district_1,Bush,dem,N,78.9,"249,087",2020
Missouri_district_1,Rogers,gop,N,19,"59,940",2020
Missouri_district_2,Wagner,gop,Y,51.9,"233,157",2020
Missouri_district_2,Schupp,dem,N,45.5,"204,540",2020
Missouri_district_3,Luetkemeyer,gop,Y,69.4,"282,866",2020
Missouri_district_3,Rezabek,dem,N,28.5,"116,095",2020
Missouri_district_4,Hartzler,gop,Y,67.6,"245,247",2020
Missouri_district_4,Simmons,dem,N,29.7,"107,635",2020
Missouri_district_5,Cleaver,dem,Y,58.8,"207,180",2020
Missouri_district_5,Derks,gop,N,38.6,"135,934",2020
Missouri_district_6,Graves,gop,Y,67.1,"258,709",2020
Missouri_district_6,Ross,dem,N,30.8,"118,926",2020
Missouri_district_7,Long,gop,Y,69.1,"254,318",2020
Missouri_district_7,Montseny,dem,N,26.7,"98,111",2020
Missouri_district_8,Smith,gop,Y,76.9,"253,811",2020
Missouri_district_8,Ellis,dem,N,21.4,"70,561",2020
Montana_district_1,Rosendale,gop,N,56.4,"339,169",2020
Montana_district_1,Williams,dem,N,43.6,"262,340",2020
Nebraska_district_1,Fortenberry,gop,Y,59.5,"189,006",2020
Nebraska_district_1,Bolz,dem,N,37.7,"119,622",2020
Nebraska_district_2,Bacon,gop,Y,50.8,"171,071",2020
Nebraska_district_2,Eastman,dem,N,46.2,"155,706",2020
Nebraska_district_3,Smith,gop,Y,78.5,"225,157",2020
Nebraska_district_3,Elworth,dem,N,17.7,"50,690",2020
Nevada_district_1,Titus,dem,Y,61.8,"137,868",2020
Nevada_district_1,Bentley,gop,N,33.4,"74,490",2020
Nevada_district_2,Amodei,gop,Y,56.5,"216,078",2020
Nevada_district_2,Ackerman,dem,N,40.7,"155,780",2020
Nevada_district_3,Lee,dem,Y,48.8,"203,421",2020
Nevada_district_3,Rodimer,gop,N,45.8,"190,975",2020
Nevada_district_4,Horsford,dem,Y,50.7,"168,457",2020
Nevada_district_4,Marchant,gop,N,45.8,"152,284",2020
New-Hampshire_district_1,Pappas,dem,Y,51.3,"205,606",2020
New-Hampshire_district_1,Mowers,gop,N,46.2,"185,159",2020
New-Hampshire_district_2,McLane Kuster,dem,Y,53.9,"208,289",2020
New-Hampshire_district_2,Negron,gop,N,43.7,"168,886",2020
New-Jersey_district_1,Norcross,dem,Y,62.5,"240,567",2020
New-Jersey_district_1,Gustafson,gop,N,37.5,"144,463",2020
New-Jersey_district_2,Van Drew,gop,Y,51.9,"195,526",2020
New-Jersey_district_2,Kennedy,dem,N,46.2,"173,849",2020
New-Jersey_district_3,Kim,dem,Y,53.2,"229,840",2020
New-Jersey_district_3,Richter,gop,N,45.5,"196,327",2020
New-Jersey_district_4,C. Smith,gop,Y,59.9,"254,103",2020
New-Jersey_district_4,S. Schmid,dem,N,38.3,"162,420",2020
New-Jersey_district_5,Gottheimer,dem,Y,53.2,"225,175",2020
New-Jersey_district_5,Pallotta,gop,N,45.6,"193,333",2020
New-Jersey_district_6,Pallone,dem,Y,61.2,"199,648",2020
New-Jersey_district_6,Onuoha,gop,N,38.8,"126,760",2020
New-Jersey_district_7,Malinowski,dem,Y,50.6,"219,629",2020
New-Jersey_district_7,Kean Jr.,gop,N,49.4,"214,318",2020
New-Jersey_district_8,Sires,dem,Y,74,"176,758",2020
New-Jersey_district_8,Mushnick,gop,N,24.6,"58,686",2020
New-Jersey_district_9,Pascrell,dem,Y,65.8,"203,674",2020
New-Jersey_district_9,Prempeh,gop,N,31.9,"98,629",2020
New-Jersey_district_10,Payne Jr.,dem,Y,83.3,"241,522",2020
New-Jersey_district_10,Zinone,gop,N,13.9,"40,298",2020
New-Jersey_district_11,Sherrill,dem,Y,53.3,"235,163",2020
New-Jersey_district_11,Becchi,gop,N,46.7,"206,013",2020
New-Jersey_district_12,Watson Coleman,dem,Y,65.6,"230,883",2020
New-Jersey_district_12,Razzoli,gop,N,32.6,"114,591",2020
New-Mexico_district_1,Haaland,dem,Y,58.2,"186,953",2020
New-Mexico_district_1,Garcia Holmes,gop,N,41.8,"134,337",2020
New-Mexico_district_2,Herrell,gop,N,53.7,"142,283",2020
New-Mexico_district_2,Small,dem,Y,46.3,"122,546",2020
New-Mexico_district_3,Leger Fernandez,dem,N,58.7,"186,282",2020
New-Mexico_district_3,Johnson,gop,N,41.3,"131,166",2020
New-York_district_1,Zeldin,gop,Y,54.9,"205,715",2020
New-York_district_1,Goroff,dem,N,45.1,"169,294",2020
New-York_district_2,Garbarino,gop,N,52.9,"177,379",2020
New-York_district_2,Gordon,dem,N,46,"154,246",2020
New-York_district_3,Suozzi,dem,Y,56,"208,555",2020
New-York_district_3,Santos,gop,N,43.5,"161,931",2020
New-York_district_4,Rice,dem,Y,56.1,"199,762",2020
New-York_district_4,Tuman,gop,N,43,"153,007",2020
New-York_district_5,Meeks,dem,Y,0,0,2020
New-York_district_6,Meng,dem,Y,68,"158,862",2020
New-York_district_6,Zmich,gop,N,32,"74,829",2020
New-York_district_7,Velazquez,dem,Y,84.9,"191,073",2020
New-York_district_7,Kelly,gop,N,14.4,"32,520",2020
New-York_district_8,Jeffries,dem,Y,84.8,"234,933",2020
New-York_district_8,Wallace,gop,N,15.2,"42,007",2020
New-York_district_9,Clarke,dem,Y,83.2,"230,221",2020
New-York_district_9,Jean-Pierre,gop,N,15.9,"43,950",2020
New-York_district_10,Nadler,dem,Y,74.6,"206,310",2020
New-York_district_10,Bernstein,gop,N,24.2,"66,889",2020
New-York_district_11,Malliotakis,gop,N,53.1,"155,608",2020
New-York_district_11,Rose,dem,Y,46.9,"137,198",2020
New-York_district_12,Maloney,dem,Y,82.3,"265,172",2020
New-York_district_12,Santiago-Cano,gop,N,16.5,"53,061",2020
New-York_district_13,Espaillat,dem,Y,90.9,"231,841",2020
New-York_district_13,Gwinn,gop,N,7.8,"19,829",2020
New-York_district_14,Ocasio-Cortez,dem,Y,71.6,"152,661",2020
New-York_district_14,Cummings,gop,N,27.4,"58,440",2020
New-York_district_15,Torres,dem,N,88.9,"169,533",2020
New-York_district_15,Delices,gop,N,11.1,"21,221",2020
New-York_district_16,Bowman,dem,N,84.2,"218,471",2020
New-York_district_17,Jones,dem,N,59.3,"197,353",2020
New-York_district_17,McArdle Schulman,gop,N,35.3,"117,307",2020
New-York_district_18,Maloney,dem,Y,55.8,"187,169",2020
New-York_district_18,Farley,gop,N,43.3,"145,098",2020
New-York_district_19,Delgado,dem,Y,54.8,"192,100",2020
New-York_district_19,Van De Water,gop,N,43.2,"151,475",2020
New-York_district_20,Tonko,dem,Y,61.2,"219,705",2020
New-York_district_20,Joy,gop,N,38.8,"139,446",2020
New-York_district_21,Stefanik,gop,Y,58.8,"188,649",2020
New-York_district_21,Cobb,dem,N,41.2,"131,992",2020
New-York_district_22,Tenney,gop,N,49,"155,348",2020
New-York_district_22,Brindisi,dem,Y,48.9,"154,997",2020
New-York_district_23,Reed,gop,Y,57.7,"181,060",2020
New-York_district_23,Mitrano,dem,N,41.1,"129,014",2020
New-York_district_24,Katko,gop,Y,53.2,"182,668",2020
New-York_district_24,Balter,dem,N,43,"147,721",2020
New-York_district_25,Morelle,dem,Y,59.3,"206,396",2020
New-York_district_25,Mitris,gop,N,39.1,"136,198",2020
New-York_district_26,Higgins,dem,Y,69.9,"223,276",2020
New-York_district_26,Donovan,gop,N,28.7,"91,687",2020
New-York_district_27,Jacobs,gop,Y,59.7,"229,044",2020
New-York_district_27,McMurray,dem,N,39,"149,559",2020
North-Carolina_district_1,Butterfield,dem,Y,54.2,"188,870",2020
North-Carolina_district_1,Smith,gop,N,45.8,"159,748",2020
North-Carolina_district_2,Ross,dem,N,63,"311,887",2020
North-Carolina_district_2,Swain,gop,N,34.8,"172,544",2020
North-Carolina_district_3,Murphy,gop,Y,63.4,"229,800",2020
North-Carolina_district_3,Farrow,dem,N,36.6,"132,752",2020
North-Carolina_district_4,Price,dem,Y,67.3,"332,421",2020
North-Carolina_district_4,Thomas,gop,N,32.7,"161,298",2020
North-Carolina_district_5,Foxx,gop,Y,66.9,"257,843",2020
North-Carolina_district_5,Brown,dem,N,31.1,"119,846",2020
North-Carolina_district_6,Manning,dem,N,62.3,"253,531",2020
North-Carolina_district_6,Haywood,gop,N,37.7,"153,598",2020
North-Carolina_district_7,Rouzer,gop,Y,60.3,"272,443",2020
North-Carolina_district_7,Ward,dem,N,39.7,"179,045",2020
North-Carolina_district_8,Hudson,gop,Y,53.3,"202,774",2020
North-Carolina_district_8,Timmons-Goodson,dem,N,46.7,"177,781",2020
North-Carolina_district_9,Bishop,gop,Y,55.6,"224,661",2020
North-Carolina_district_9,Wallace,dem,N,44.4,"179,463",2020
North-Carolina_district_10,McHenry,gop,Y,68.9,"284,095",2020
North-Carolina_district_10,Parker,dem,N,31.1,"128,189",2020
North-Carolina_district_11,Cawthorn,gop,N,54.5,"245,351",2020
North-Carolina_district_11,Davis,dem,N,42.3,"190,609",2020
North-Carolina_district_12,Adams,dem,Y,0,0,2020
North-Carolina_district_13,Budd,gop,Y,68.2,"267,181",2020
North-Carolina_district_13,Huffman,dem,N,31.8,"124,684",2020
North-Dakota_district_1,Armstrong,gop,Y,69,"245,229",2020
North-Dakota_district_1,Raknerud,dem,N,27.6,"97,970",2020
Ohio_district_1,Chabot,gop,Y,51.8,"199,560",2020
Ohio_district_1,Schroder,dem,N,44.6,"172,022",2020
Ohio_district_2,Wenstrup,gop,Y,61.1,"230,430",2020
Ohio_district_2,Castle,dem,N,38.9,"146,781",2020
Ohio_district_3,Beatty,dem,Y,70.8,"227,420",2020
Ohio_district_3,Richardson,gop,N,29.2,"93,569",2020
Ohio_district_4,Jordan,gop,Y,67.9,"235,875",2020
Ohio_district_4,Freshour,dem,N,29.3,"101,897",2020
Ohio_district_5,Latta,gop,Y,68,"257,019",2020
Ohio_district_5,Rubando,dem,N,32,"120,962",2020
Ohio_district_6,Johnson,gop,Y,74.4,"249,130",2020
Ohio_district_6,Roberts,dem,N,25.6,"85,661",2020
Ohio_district_7,Gibbs,gop,Y,67.5,"236,607",2020
Ohio_district_7,Potter,dem,N,29.2,"102,271",2020
Ohio_district_8,Davidson,gop,Y,69,"246,277",2020
Ohio_district_8,Enoch,dem,N,31,"110,766",2020
Ohio_district_9,Kaptur,dem,Y,63.1,"190,328",2020
Ohio_district_9,Weber,gop,N,36.9,"111,385",2020
Ohio_district_10,Turner,gop,Y,58.4,"212,972",2020
Ohio_district_10,Tims,dem,N,41.6,"151,976",2020
Ohio_district_11,Fudge,dem,Y,80.1,"242,098",2020
Ohio_district_11,Gore,gop,N,19.9,"60,323",2020
Ohio_district_12,Balderson,gop,Y,55.2,"241,790",2020
Ohio_district_12,Shearer,dem,N,41.8,"182,847",2020
Ohio_district_13,Ryan,dem,Y,52.5,"173,631",2020
Ohio_district_13,Hagan,gop,N,44.9,"148,648",2020
Ohio_district_14,Joyce,gop,Y,60.1,"238,864",2020
Ohio_district_14,O'Connor Mueri,dem,N,39.9,"158,586",2020
Ohio_district_15,Stivers,gop,Y,63.4,"243,103",2020
Ohio_district_15,Newby,dem,N,36.6,"140,183",2020
Ohio_district_16,Gonzalez,gop,Y,63.2,"247,335",2020
Ohio_district_16,Godfrey,dem,N,36.8,"144,071",2020
Oklahoma_district_1,Hern,gop,Y,63.7,"213,700",2020
Oklahoma_district_1,Asamoa-Caesar,dem,N,32.7,"109,641",2020
Oklahoma_district_2,Mullin,gop,Y,75,"216,511",2020
Oklahoma_district_2,Lanier,dem,N,22,"63,472",2020
Oklahoma_district_3,Lucas,gop,Y,78.5,"242,677",2020
Oklahoma_district_3,Midyett,dem,N,21.5,"66,501",2020
Oklahoma_district_4,Cole,gop,Y,67.8,"213,096",2020
Oklahoma_district_4,Brannon,dem,N,28.8,"90,459",2020
Oklahoma_district_5,Bice,gop,N,52.1,"158,191",2020
Oklahoma_district_5,Horn,dem,Y,47.9,"145,658",2020
Oregon_district_1,Bonamici,dem,Y,64.7,"297,071",2020
Oregon_district_1,Christensen,gop,N,35.3,"161,928",2020
Oregon_district_2,Bentz,gop,N,59.9,"273,835",2020
Oregon_district_2,Spenser,dem,N,37,"168,881",2020
Oregon_district_3,Blumenauer,dem,Y,73.1,"343,574",2020
Oregon_district_3,Harbour,gop,N,23.5,"110,570",2020
Oregon_district_4,DeFazio,dem,Y,51.6,"240,950",2020
Oregon_district_4,Skarlatos,gop,N,46.3,"216,081",2020
Oregon_district_5,Schrader,dem,Y,52,"234,863",2020
Oregon_district_5,Ryan Courser,gop,N,45.2,"204,372",2020
Pennsylvania_district_1,Fitzpatrick,gop,Y,56.6,"249,804",2020
Pennsylvania_district_1,Finello,dem,N,43.4,"191,875",2020
Pennsylvania_district_2,Boyle,dem,Y,72.5,"198,140",2020
Pennsylvania_district_2,Torres,gop,N,27.5,"75,022",2020
Pennsylvania_district_3,Evans,dem,Y,91,"341,708",2020
Pennsylvania_district_3,Harvey,gop,N,9,"33,671",2020
Pennsylvania_district_4,Dean,dem,Y,59.5,"264,637",2020
Pennsylvania_district_4,Barnette,gop,N,40.5,"179,926",2020
Pennsylvania_district_5,Scanlon,dem,Y,64.7,"255,743",2020
Pennsylvania_district_5,Pruett,gop,N,35.3,"139,552",2020
Pennsylvania_district_6,Houlahan,dem,Y,56.1,"226,440",2020
Pennsylvania_district_6,Emmons,gop,N,43.9,"177,526",2020
Pennsylvania_district_7,Wild,dem,Y,51.9,"195,475",2020
Pennsylvania_district_7,Scheller,gop,N,48.1,"181,407",2020
Pennsylvania_district_8,Cartwright,dem,Y,51.8,"178,004",2020
Pennsylvania_district_8,Bognet,gop,N,48.2,"165,783",2020
Pennsylvania_district_9,Meuser,gop,Y,66.3,"232,988",2020
Pennsylvania_district_9,Wegman,dem,N,33.7,"118,266",2020
Pennsylvania_district_10,Perry,gop,Y,55.6,"229,028",2020
Pennsylvania_district_10,DePasquale,dem,N,44.4,"182,938",2020
Pennsylvania_district_11,Smucker,gop,Y,63.1,"241,915",2020
Pennsylvania_district_11,Hammond,dem,N,36.9,"141,325",2020
Pennsylvania_district_12,Keller,gop,Y,70.8,"241,035",2020
Pennsylvania_district_12,Griffin,dem,N,29.2,"99,199",2020
Pennsylvania_district_13,Joyce,gop,Y,73.5,"267,789",2020
Pennsylvania_district_13,Rowley,dem,N,26.5,"96,612",2020
Pennsylvania_district_14,Reschenthaler,gop,Y,64.7,"241,688",2020
Pennsylvania_district_14,Marx,dem,N,35.3,"131,895",2020
Pennsylvania_district_15,Thompson,gop,Y,73.5,"255,058",2020
Pennsylvania_district_15,Williams,dem,N,26.5,"92,156",2020
Pennsylvania_district_16,Kelly,gop,Y,59.3,"210,088",2020
Pennsylvania_district_16,Gnibus,dem,N,40.7,"143,962",2020
Pennsylvania_district_17,Lamb,dem,Y,51.1,"222,253",2020
Pennsylvania_district_17,Parnell,gop,N,48.9,"212,284",2020
Pennsylvania_district_18,Doyle,dem,Y,69.2,"266,084",2020
Pennsylvania_district_18,Negron,gop,N,30.8,"118,163",2020
Rhode-Island_district_1,Cicilline,dem,Y,71.3,"158,550",2020
Rhode-Island_district_2,Langevin,dem,Y,58.4,"154,086",2020
Rhode-Island_district_2,Lancia,gop,N,41.6,"109,894",2020
South-Carolina_district_1,Mace,gop,N,50.6,"216,042",2020
South-Carolina_district_1,Cunningham,dem,Y,49.4,"210,627",2020
South-Carolina_district_2,Wilson,gop,Y,55.7,"202,715",2020
South-Carolina_district_2,Boroughs,dem,N,42.6,"155,118",2020
South-Carolina_district_3,Duncan,gop,Y,71.3,"237,544",2020
South-Carolina_district_3,Cleveland,dem,N,28.7,"95,712",2020
South-Carolina_district_4,Timmons,gop,Y,61.7,"222,126",2020
South-Carolina_district_4,Nelson,dem,N,36.9,"133,023",2020
South-Carolina_district_5,Norman,gop,Y,60.1,"220,006",2020
South-Carolina_district_5,Brown,dem,N,39.9,"145,979",2020
South-Carolina_district_6,Clyburn,dem,Y,68.2,"197,477",2020
South-Carolina_district_6,McCollum,gop,N,30.8,"89,258",2020
South-Carolina_district_7,Rice,gop,Y,61.8,"224,993",2020
South-Carolina_district_7,Watson,dem,N,38.2,"138,863",2020
South-Dakota_district_1,Johnson,gop,Y,81,"321,984",2020
Tennessee_district_1,Harshbarger,gop,N,74.7,"228,181",2020
Tennessee_district_1,Walsingham,dem,N,22.5,"68,617",2020
Tennessee_district_2,Burchett,gop,Y,67.6,"238,907",2020
Tennessee_district_2,Hoyos,dem,N,31.1,"109,684",2020
Tennessee_district_3,Fleischmann,gop,Y,67.3,"215,571",2020
Tennessee_district_3,Gorman,dem,N,30.5,"97,687",2020
Tennessee_district_4,DesJarlais,gop,Y,66.7,"223,802",2020
Tennessee_district_4,Hale,dem,N,33.3,"111,908",2020
Tennessee_district_5,Cooper,dem,Y,0,0,2020
Tennessee_district_6,Rose,gop,Y,73.7,"257,572",2020
Tennessee_district_6,Finley,dem,N,24,"83,852",2020
Tennessee_district_7,Green,gop,Y,69.9,"245,188",2020
Tennessee_district_7,Sreepada,dem,N,27.3,"95,839",2020
Tennessee_district_8,Kustoff,gop,Y,68.5,"227,216",2020
Tennessee_district_8,Pearson,dem,N,29.5,"97,890",2020
Tennessee_district_9,Cohen,dem,Y,77.4,"187,905",2020
Tennessee_district_9,Bergmann,gop,N,20.1,"48,818",2020
Texas_district_1,Gohmert,gop,Y,72.6,"219,726",2020
Texas_district_1,Gilbert,dem,N,27.4,"83,016",2020
Texas_district_2,Crenshaw,gop,Y,55.6,"192,828",2020
Texas_district_2,Ladjevardian,dem,N,42.8,"148,374",2020
Texas_district_3,Taylor,gop,Y,55.1,"230,512",2020
Texas_district_3,Seikaly,dem,N,42.9,"179,458",2020
Texas_district_4,Fallon,gop,N,75.4,"253,837",2020
Texas_district_4,Foster,dem,N,22.7,"76,326",2020
Texas_district_5,Gooden,gop,Y,62,"173,836",2020
Texas_district_5,Salter,dem,N,35.9,"100,743",2020
Texas_district_6,Wright,gop,Y,52.8,"179,507",2020
Texas_district_6,Daniel,dem,N,44,"149,530",2020
Texas_district_7,Fletcher,dem,Y,50.8,"159,529",2020
Texas_district_7,Hunt,gop,N,47.5,"149,054",2020
Texas_district_8,Brady,gop,Y,72.5,"277,327",2020
Texas_district_8,Hernandez,dem,N,25.5,"97,409",2020
Texas_district_9,Green,dem,Y,75.5,"172,938",2020
Texas_district_9,Teague,gop,N,21.6,"49,575",2020
Texas_district_10,McCaul,gop,Y,52.5,"217,216",2020
Texas_district_10,Siegel,dem,N,45.3,"187,686",2020
Texas_district_11,Pfluger,gop,N,79.7,"232,568",2020
Texas_district_11,Hogg,dem,N,18.3,"53,394",2020
Texas_district_12,Granger,gop,Y,63.7,"233,853",2020
Texas_district_12,Welch,dem,N,33,"121,250",2020
Texas_district_13,Jackson,gop,N,79.4,"217,124",2020
Texas_district_13,Trujillo,dem,N,18.5,"50,477",2020
Texas_district_14,Weber,gop,Y,61.6,"190,541",2020
Texas_district_14,Bell,dem,N,38.4,"118,574",2020
Texas_district_15,Gonzalez,dem,Y,50.5,"115,605",2020
Texas_district_15,De La Cruz-Hernandez,gop,N,47.6,"109,017",2020
Texas_district_16,Escobar,dem,Y,64.7,"154,108",2020
Texas_district_16,Armendariz-Jackson,gop,N,35.3,"84,006",2020
Texas_district_17,Sessions,gop,N,55.9,"171,390",2020
Texas_district_17,Kennedy,dem,N,40.9,"125,565",2020
Texas_district_18,Jackson Lee,dem,Y,73.3,"180,952",2020
Texas_district_18,Champion,gop,N,23.5,"58,033",2020
Texas_district_19,Arrington,gop,Y,74.8,"198,198",2020
Texas_district_19,Watson,dem,N,22.9,"60,583",2020
Texas_district_20,Castro,dem,Y,64.7,"175,078",2020
Texas_district_20,Garza,gop,N,33.1,"89,628",2020
Texas_district_21,Roy,gop,Y,52,"235,740",2020
Texas_district_21,Davis,dem,N,45.4,"205,780",2020
Texas_district_22,Nehls,gop,N,51.5,"210,259",2020
Texas_district_22,Kulkarni,dem,N,44.6,"181,998",2020
Texas_district_23,Gonzales,gop,N,50.6,"149,395",2020
Texas_district_23,Ortiz Jones,dem,N,46.6,"137,693",2020
Texas_district_24,Van Duyne,gop,N,48.8,"167,910",2020
Texas_district_24,Valenzuela,dem,N,47.5,"163,326",2020
Texas_district_25,Williams,gop,Y,55.9,"220,088",2020
Texas_district_25,Oliver,dem,N,42.1,"165,697",2020
Texas_district_26,Burgess,gop,Y,60.6,"261,963",2020
Texas_district_26,Iannuzzi,dem,N,37.3,"161,009",2020
Texas_district_27,Cloud,gop,Y,63.1,"172,305",2020
Texas_district_27,De La Fuente,dem,N,34.9,"95,466",2020
Texas_district_28,Cuellar,dem,Y,58.3,"137,494",2020
Texas_district_28,Whitten,gop,N,39,"91,925",2020
Texas_district_29,Garcia,dem,Y,71.1,"111,305",2020
Texas_district_29,Blanco,gop,N,27.4,"42,840",2020
Texas_district_30,E.B. Johnson,dem,Y,77.5,"204,928",2020
Texas_district_30,Pennie,gop,N,18.4,"48,685",2020
Texas_district_31,Carter,gop,Y,53.5,"212,695",2020
Texas_district_31,Imam,dem,N,44.3,"176,293",2020
Texas_district_32,Allred,dem,Y,51.9,"178,542",2020
Texas_district_32,Collins,gop,N,45.9,"157,867",2020
Texas_district_33,Veasey,dem,Y,66.8,"105,317",2020
Texas_district_33,Vasquez,gop,N,25.2,"39,638",2020
Texas_district_34,Vela,dem,Y,55.4,"111,439",2020
Texas_district_34,Gonzalez,gop,N,41.8,"84,119",2020
Texas_district_35,Doggett,dem,Y,65.4,"176,373",2020
Texas_district_35,Sharon,gop,N,29.9,"80,795",2020
Texas_district_36,Babin,gop,Y,73.6,"222,712",2020
Texas_district_36,Lewis,dem,N,24.3,"73,418",2020
Utah_district_1,Moore,gop,N,69.6,"237,988",2020
Utah_district_1,Parry,dem,N,30.4,"104,194",2020
Utah_district_2,Stewart,gop,Y,59,"208,997",2020
Utah_district_2,Weston,dem,N,36.6,"129,762",2020
Utah_district_3,Curtis,gop,Y,68.8,"246,674",2020
Utah_district_3,Thorpe,dem,N,26.8,"96,067",2020
Utah_district_4,Owens,gop,N,47.7,"179,688",2020
Utah_district_4,McAdams,dem,Y,46.7,"175,923",2020
Vermont_district_1,Welch,dem,Y,67.4,"238,827",2020
Vermont_district_1,Berry,gop,N,27,"95,830",2020
Virginia_district_1,Wittman,gop,Y,58.2,"260,614",2020
Virginia_district_1,Rashid,dem,N,41.8,"186,923",2020
Virginia_district_2,Luria,dem,Y,51.6,"185,733",2020
Virginia_district_2,Taylor,gop,N,45.9,"165,031",2020
Virginia_district_3,Scott,dem,Y,68.5,"233,326",2020
Virginia_district_3,Collick,gop,N,31.5,"107,299",2020
Virginia_district_4,McEachin,dem,Y,61.7,"241,142",2020
Virginia_district_4,Benjamin,gop,N,38.3,"149,625",2020
Virginia_district_5,Good,gop,N,52.6,"210,988",2020
Virginia_district_5,Webb,dem,N,47.4,"190,315",2020
Virginia_district_6,Cline,gop,Y,64.7,"246,606",2020
Virginia_district_6,Betts,dem,N,35.3,"134,729",2020
Virginia_district_7,Spanberger,dem,Y,50.9,"230,893",2020
Virginia_district_7,Freitas,gop,N,49.1,"222,623",2020
Virginia_district_8,Beyer,dem,Y,76,"301,454",2020
Virginia_district_8,Jordan,gop,N,24,"95,365",2020
Virginia_district_9,Griffith,gop,Y,0,0,2020
Virginia_district_10,Wexton,dem,Y,56.6,"268,734",2020
Virginia_district_10,Andrews,gop,N,43.4,"206,253",2020
Virginia_district_11,Connolly,dem,Y,71.6,"280,725",2020
Virginia_district_11,Anantatmula,gop,N,28.4,"111,380",2020
Washington_district_1,DelBene,dem,Y,58.6,"249,944",2020
Washington_district_1,Beeler,gop,N,41.4,"176,407",2020
Washington_district_2,Larsen,dem,Y,63.2,"255,252",2020
Washington_district_2,Hazelo,gop,N,36.8,"148,384",2020
Washington_district_3,Herrera Beutler,gop,Y,56.5,"235,579",2020
Washington_district_3,Long,dem,N,43.5,"181,347",2020
Washington_district_4,Newhouse,gop,Y,66.3,"202,108",2020
Washington_district_4,McKinley,dem,N,33.7,"102,667",2020
Washington_district_5,McMorris Rodgers,gop,Y,61.4,"247,815",2020
Washington_district_5,Wilson,dem,N,38.6,"155,737",2020
Washington_district_6,Kilmer,dem,Y,59.4,"247,429",2020
Washington_district_6,Kreiselmaier,gop,N,40.6,"168,783",2020
Washington_district_7,Jayapal,dem,Y,83.2,"387,109",2020
Washington_district_7,Keller,gop,N,16.8,"78,240",2020
Washington_district_8,Schrier,dem,Y,51.8,"213,123",2020
Washington_district_8,Jensen,gop,N,48.2,"198,423",2020
Washington_district_9,Smith,dem,Y,74.3,"258,771",2020
Washington_district_9,Basler,gop,N,25.7,"89,697",2020
Washington_district_10,Strickland,dem,N,58.1,"167,937",2020
Washington_district_10,Doglio,dem,N,41.9,"121,040",2020
West-Virginia_district_1,McKinley,gop,Y,69,"180,488",2020
West-Virginia_district_1,Cline,dem,N,31,"81,177",2020
West-Virginia_district_2,Mooney,gop,Y,63.1,"172,195",2020
West-Virginia_district_2,Kunkel,dem,N,36.9,"100,799",2020
West-Virginia_district_3,Miller,gop,Y,71.3,"161,585",2020
West-Virginia_district_3,Turner,dem,N,28.7,"64,927",2020
Wisconsin_district_1,Steil,gop,Y,59.4,"238,271",2020
Wisconsin_district_1,Polack,dem,N,40.6,"163,170",2020
Wisconsin_district_2,Pocan,dem,Y,69.7,"318,523",2020
Wisconsin_district_2,Theron,gop,N,30.3,"138,306",2020
Wisconsin_district_3,Kind,dem,Y,51.3,"199,870",2020
Wisconsin_district_3,Van Orden,gop,N,48.7,"189,524",2020
Wisconsin_district_4,Moore,dem,Y,74.7,"232,668",2020
Wisconsin_district_4,Rogers,gop,N,22.7,"70,769",2020
Wisconsin_district_5,Fitzgerald,gop,N,60.1,"265,434",2020
Wisconsin_district_5,Palzewicz,dem,N,39.9,"175,902",2020
Wisconsin_district_6,Grothman,gop,Y,59.3,"238,874",2020
Wisconsin_district_6,King,dem,N,40.7,"164,239",2020
Wisconsin_district_7,Tiffany,gop,Y,60.8,"252,048",2020
Wisconsin_district_7,Zunker,dem,N,39.2,"162,741",2020
Wisconsin_district_8,Gallagher,gop,Y,64.2,"268,173",2020
Wisconsin_district_8,Stuck,dem,N,35.8,"149,558",2020
Wyoming_district_1,Cheney,gop,Y,68.7,"185,732",2020
Wyoming_district_1,Grey Bull,dem,N,24.6,"66,576",2020
