Seat,Candidate,Raised,In_Distr_Perc,In_Distr_Raised_000,Vote_Share,Winner,Incumbent,In_Distr_Prop_Versus_Opponent
AL01,Jerry Carl ,"$1,971,321",88.65,1747.58,64.4,Y,N,97.3
AL01,James Averhart ,"$80,095",60.48,48.44,35.6,N,N,2.7
AL02,Barry Moore ,"$650,807",42.78,278.42,65.3,Y,N,91.05
AL02,Phyllis Harvey-Hall ,"$56,050",48.84,27.37,34.7,N,N,8.95
AL03,Mike D Rogers ,"$1,193,111",29.89,356.62,67.5,Y,Y,95.14
AL03,Adia Winfrey ,"$50,273",36.26,18.23,32.5,N,N,4.86
AZ01,Tom O'Halleran ,"$3,381,353",15.03,508.22,51.6,Y,Y,66.89
AZ01,Tiffany Shedd ,"$1,675,618",15.01,251.51,48.4,N,N,33.11
AZ02,Ann Kirkpatrick ,"$1,849,862",21.43,396.43,55.1,Y,Y,65.37
AZ02,Brandon Martin ,"$374,821",56.03,210.01,44.9,N,N,34.63
AZ03,Raul M Grijalva ,"$843,560",8.31,70.1,64.6,Y,Y,76.36
AZ03,Daniel Wood ,"$41,422",52.38,21.7,35.4,N,N,23.64
AZ04,Paul Gosar ,"$622,151",28.43,176.88,69.8,Y,Y,81.23
AZ04,Delina DiSanto ,"$77,168",52.97,40.88,30.2,N,N,18.77
AZ05,Andy Biggs ,"$1,602,181",16.5,264.36,58.9,Y,Y,61.71
AZ05,Joan Greene ,"$356,069",46.06,164.01,41.1,N,N,38.29
AZ06,David Schweikert ,"$2,265,329",47.35,1072.63,52.2,Y,Y,51.07
AZ06,Hiral Tipirneni ,"$6,301,073",16.31,1027.71,47.8,N,N,48.93
AZ07,Ruben Gallego ,"$1,811,754",7.15,129.54,76.7,Y,Y,95.24
AZ07,Josh Barnett ,"$28,093",23.02,6.47,23.3,N,N,4.76
AZ08,Debbie Lesko ,"$1,605,245",16.03,257.32,59.6,Y,Y,63.66
AZ08,Michael Muscato ,"$357,906",41.05,146.92,40.4,N,N,36.34
AZ09,Greg Stanton ,"$2,001,619",22.2,444.36,61.6,Y,Y,91.15
AZ09,Dave Giles ,"$130,480",33.07,43.15,38.4,N,N,8.85
AR02,French Hill ,"$3,384,490",57.93,1960.64,55.4,Y,Y,53.26
AR02,Joyce Elliott ,"$3,482,463",49.4,1720.34,44.6,N,N,46.74
AR03,Steve Womack ,"$1,127,158",56.39,635.6,64.3,Y,Y,69.69
AR03,Celeste Williams ,"$355,294",77.82,276.49,31.8,N,N,30.31
AR04,Bruce Westerman ,"$1,407,770",44.04,619.98,69.7,Y,Y,88.51
AR04,William Hanson ,"$109,767",73.3,80.46,27.5,N,N,11.49
CA01,Doug LaMalfa ,"$1,219,556",44.08,537.58,57,Y,Y,23.12
CA01,Audrey Denney ,"$2,461,769",72.6,1787.24,43,N,N,76.88
CA02,Jared Huffman ,"$899,419",55.96,503.31,75.7,Y,Y,100
CA02,Dale Mensing ,"$5,921",0,0,24.3,N,N,0
CA03,John Garamendi ,"$1,054,066",20.19,212.82,54.7,Y,Y,47.43
CA03,Tamika Hamilton ,"$397,099",59.41,235.92,45.3,N,N,52.57
CA04,Tom McClintock ,"$2,053,363",27.39,562.42,55.9,Y,Y,33.1
CA04,Brynne Kennedy ,"$3,006,020",37.82,1136.88,44.1,N,N,66.9
CA06,Doris Matsui ,"$1,019,605",29.33,299.05,73.3,Y,Y,99.51
CA06,Christine Bish ,"$44,772",3.28,1.47,26.7,N,N,0.49
CA07,Ami Bera ,"$1,757,748",28.76,505.53,56.6,Y,Y,98.83
CA07,Buzz Patterson ,"$43,876",13.65,5.99,43.4,N,N,1.17
CA08,Jay Obernolte ,"$1,861,647",41.55,773.51,56.1,Y,N,77.34
CA08,Chris Bubser ,"$1,858,001",12.2,226.68,43.9,N,N,22.66
CA09,Jerry McNerney ,"$1,177,959",12.58,148.19,57.6,Y,Y,79.75
CA09,Tony Amador ,"$52,175",72.11,37.62,42.4,N,N,20.25
CA10,Josh Harder ,"$7,400,135",9.89,731.87,55.2,Y,Y,55.61
CA10,Ted Howze ,"$1,426,552",40.96,584.32,44.8,N,N,44.39
CA12,Nancy Pelosi ,"$27,359,508",5.82,1592.32,77.6,Y,Y,87.58
CA12,Shahid Buttar ,"$1,672,876",13.5,225.84,22.4,N,N,12.42
CA13,Barbara Lee ,"$1,828,213",48.17,880.65,90.4,Y,Y,99.37
CA13,Nikka Piterman ,"$9,839",57.14,5.62,9.6,N,N,0.63
CA16,Jim Costa ,"$2,135,525",18.5,395.07,59.4,Y,Y,89.77
CA16,Kevin Cookingham ,"$265,364",16.97,45.03,40.6,N,N,10.23
CA17,Ro Khanna ,"$3,837,982",3.74,143.54,71.3,Y,Y,75.98
CA17,Ritesh Tandon ,"$175,536",25.85,45.38,28.7,N,N,24.02
CA18,Anna Eshoo ,"$2,114,909",48.67,1029.33,63.2,Y,Y,70.67
CA18,Rishi Kumar ,"$674,383",63.34,427.15,36.8,N,N,29.33
CA19,Zoe Lofgren ,"$1,755,555",10.18,178.72,71.7,Y,Y,99.49
CA19,Justin Aguilera ,"$9,112",10,0.91,28.3,N,N,0.51
CA20,Jimmy Panetta ,"$2,009,894",61.27,1231.46,76.8,Y,Y,95.3
CA20,Jeff Gorman ,"$67,634",89.8,60.74,23.2,N,N,4.7
CA21,David Valadao ,"$4,067,880",31.01,1261.45,50.4,Y,N,96.26
CA21,TJ Cox ,"$5,695,157",0.86,48.98,49.6,N,Y,3.74
CA22,Devin Nunes ,"$26,825,212",2.93,785.98,54.2,Y,Y,82.56
CA22,Phil Arballo ,"$5,091,451",3.26,165.98,45.8,N,N,17.44
CA23,Kevin McCarthy ,"$27,780,644",1.42,394.49,62.1,Y,Y,86.2
CA23,Kim Mangone ,"$1,671,101",3.78,63.17,37.9,N,N,13.8
CA24,Salud Carbajal ,"$2,117,836",85.66,1814.14,58.7,Y,Y,59.11
CA24,Andy Caldwell ,"$1,298,798",96.63,1255.03,41.3,N,N,40.89
CA25,Mike Garcia ,"$9,962,507",10.7,1065.99,50,Y,Y,68.03
CA25,Christy Smith ,"$5,977,734",8.38,500.93,50,N,N,31.97
CA27,Judy Chu ,"$1,213,706",37.78,458.54,69.8,Y,Y,95.68
CA27,Johnny Nalbandian ,"$39,584",52.33,20.71,30.2,N,N,4.32
CA28,Adam Schiff ,"$19,382,855",3.56,690.03,72.7,Y,Y,71.57
CA28,Eric Early ,"$4,085,322",6.71,274.13,27.3,N,N,28.43
CA29,Tony Cardenas ,"$1,419,697",1.49,21.15,56.6,Y,Y,61.55
CA29,Angelica Duenas ,"$78,083",16.92,13.21,43.4,N,N,38.45
CA31,Pete Aguilar ,"$2,475,748",5.16,127.75,61.3,Y,Y,87.12
CA31,Agnes Gibboney ,"$138,687",13.61,18.88,38.7,N,N,12.88
CA32,Grace Napolitano ,"$478,426",2.52,12.06,66.6,Y,Y,65.9
CA32,Joshua Scott ,"$23,624",26.42,6.24,33.4,N,N,34.1
CA33,Ted Lieu ,"$1,661,436",42.11,699.63,67.6,Y,Y,93.68
CA33,James Bradley ,"$78,910",59.77,47.16,32.4,N,N,6.32
CA34,Jimmy Gomez ,"$1,401,166",12.26,171.78,53,Y,Y,93.14
CA34,David Kim ,"$193,430",6.54,12.65,47,N,N,6.86
CA35,Norma Torres ,"$654,727",5.55,36.34,69.3,Y,Y,70.11
CA35,Mike Cargile ,"$36,113",42.89,15.49,30.7,N,N,29.89
CA36,Raul Ruiz ,"$2,402,624",34.35,825.3,60.3,Y,Y,100
CA36,Erin Cruz ,"$54,217",0,0,39.7,N,N,0
CA37,Karen Bass ,"$2,216,467",10.29,228.07,85.9,Y,Y,99.25
CA37,Errol Webber ,"$66,398",2.6,1.73,14.1,N,N,0.75
CA39,Young Kim ,"$6,424,556",10.35,664.94,50.6,Y,N,66.84
CA39,Gil Cisneros ,"$4,370,133",7.55,329.95,49.4,N,Y,33.16
CA40,Lucille Roybal-Allard ,"$739,790",5.19,38.4,72.7,Y,Y,97.19
CA40,Antonio Delgado ,"$85,014",1.31,1.11,27.3,N,N,2.81
CA41,Mark Takano ,"$1,020,456",18.61,189.91,64,Y,Y,73.98
CA41,Aja Smith ,"$660,658",10.11,66.79,36,N,N,26.02
CA42,Ken Calvert ,"$1,441,812",9.66,139.28,57.1,Y,Y,83.81
CA42,Liam O'Mara ,"$130,065",20.68,26.9,42.9,N,N,16.19
CA43,Maxine Waters ,"$1,836,660",1.58,29.02,71.7,Y,Y,23.8
CA43,Joe Collins ,"$10,556,626",0.88,92.9,28.3,N,N,76.2
CA45,Katie Porter ,"$16,627,706",5.47,909.54,53.5,Y,Y,81.74
CA45,Greg Raths ,"$1,245,767",16.31,203.18,46.5,N,N,18.26
CA47,Alan Lowenthal ,"$678,648",47.41,321.75,63.3,Y,Y,93.85
CA47,John Briscoe ,"$25,302",83.33,21.08,36.7,N,N,6.15
CA48,Michelle Steel ,"$6,305,665",23.16,1460.39,51.1,Y,N,42.82
CA48,Harley Rouda ,"$5,968,858",32.67,1950.03,48.9,N,Y,57.18
CA49,Mike Levin ,"$3,845,768",31.39,1207.19,53.1,Y,Y,57.3
CA49,Brian Maryott ,"$2,810,253",32.01,899.56,46.9,N,N,42.7
CA50,Darrell Issa ,"$11,239,670",4.58,514.78,54,Y,N,49.37
CA50,Ammar Campa-Najjar ,"$6,248,210",8.45,527.97,46,N,N,50.63
CA51,Juan Vargas ,"$799,734",0.01,0.08,68.3,Y,Y,0.24
CA51,Juan Hidalgo ,"$83,730",40.53,33.94,31.7,N,N,99.76
CO02,Joseph Neguse ,"$1,353,325",52.74,713.74,61.5,Y,Y,92.33
CO02,Charles Winn ,"$98,338",60.33,59.33,35.4,N,N,7.67
CO03,Lauren Boebert ,"$2,989,510",33.59,1004.18,51.4,Y,N,34.44
CO03,Diane Mitsch Bush ,"$5,008,274",38.16,1911.16,45.2,N,N,65.56
CO06,Jason Crow ,"$4,136,137",8.52,352.4,57.1,Y,Y,73.17
CO06,Steven House ,"$1,200,056",10.77,129.25,40,N,N,26.83
CO07,Ed Perlmutter ,"$1,632,262",18.79,306.7,59.1,Y,Y,78.02
CO07,Casper Stockham ,"$147,872",58.44,86.42,37.6,N,N,21.98
CT02,Joe Courtney ,"$964,731",55.43,534.75,59.4,Y,Y,91.75
CT02,Justin Anderson ,"$80,227",59.97,48.11,38.2,N,N,8.25
CT04,Jim Himes ,"$1,612,935",69.54,1121.63,62.2,Y,Y,98.7
CT04,Jonathan Riddle ,"$31,591",46.92,14.82,36.3,N,N,1.3
CT05,Jahana Hayes ,"$2,037,826",30.5,621.54,55.1,Y,Y,76.09
CT05,David Sullivan ,"$397,395",49.16,195.36,43.5,N,N,23.91
FL01,Matt Gaetz ,"$5,946,646",10.37,616.67,64.6,Y,Y,62.93
FL01,Phil Ehr ,"$2,025,099",17.94,363.3,34,N,N,37.07
FL03,Kat Cammack ,"$1,122,188",57.85,649.19,57.1,Y,N,91.24
FL03,Adam Christensen ,"$216,021",28.85,62.32,42.9,N,N,8.76
FL04,John Rutherford ,"$1,024,912",48.6,498.11,61.1,Y,Y,44.15
FL04,Donna Deegan ,"$1,013,157",62.2,630.18,38.9,N,N,55.85
FL05,Al Lawson ,"$848,498",5.51,46.75,65.1,Y,Y,100
FL05,Gary Adler ,"$146,909",0,0,34.9,N,N,0
FL06,Michael Waltz ,"$2,549,667",29.85,761.08,60.6,Y,Y,98.72
FL06,Clint Curtis ,"$24,310",40.64,9.88,39.4,N,N,1.28
FL07,Stephanie Murphy ,"$3,124,692",23.25,726.49,55.3,Y,Y,89.98
FL07,Leo Valentin ,"$1,045,426",7.74,80.92,43.2,N,N,10.02
FL08,Bill Posey ,"$985,268",83.32,820.93,61.4,Y,Y,87.63
FL08,James Kennedy ,"$138,568",83.64,115.9,38.6,N,N,12.37
FL10,Val Demings ,"$1,876,047",16.58,311.05,63.6,Y,Y,55.13
FL10,Vennia Francois ,"$335,480",75.45,253.12,36.4,N,N,44.87
FL11,Daniel Webster ,"$691,261",12.91,89.24,66.7,Y,Y,66.85
FL11,Dana Cottrell ,"$62,658",70.62,44.25,33.3,N,N,33.15
FL13,Charlie Crist ,"$2,720,646",15.5,421.7,53,Y,Y,37.57
FL13,Anna Paulina Luna ,"$3,302,944",21.22,700.88,47,N,N,62.43
FL14,Kathy Castor ,"$884,651",47.99,424.54,60.3,Y,Y,79.62
FL14,Christine Quinn ,"$242,144",44.89,108.7,39.7,N,N,20.38
FL15,Scott Franklin ,"$1,663,898",46.9,780.37,55.4,Y,N,94.38
FL15,Alan Cohn ,"$2,333,053",1.99,46.43,44.6,N,N,5.62
FL16,Vernon Buchanan ,"$3,094,611",49.02,1516.98,55.5,Y,Y,41.89
FL16,Margaret Good ,"$3,411,924",61.67,2104.13,44.5,N,N,58.11
FL17,Greg Steube ,"$759,908",11.13,84.58,64.6,Y,Y,66.39
FL17,Allen Ellison ,"$83,481",51.29,42.82,34.1,N,N,33.61
FL18,Brian Mast ,"$6,128,177",20.73,1270.37,56.3,Y,Y,77.91
FL18,Pam Keith ,"$1,639,873",21.96,360.12,41.5,N,N,22.09
FL22,Ted Deutch ,"$1,364,438",24.36,332.38,58.6,Y,Y,70.08
FL22,Jim Pruden ,"$278,416",50.96,141.88,41.4,N,N,29.92
FL23,Debbie Wasserman Schultz ,"$2,191,922",12.23,268.07,58.2,Y,Y,81.81
FL23,Carla Spalding ,"$919,579",6.48,59.59,41.8,N,N,18.19
FL24,Frederica Wilson ,"$412,592",19.62,80.95,75.6,Y,Y,82.92
FL24,Lavern Spicer ,"$34,973",47.66,16.67,20.4,N,N,17.08
FL26,Carlos Gimenez ,"$2,226,559",7.19,160.09,51.7,Y,N,19.24
FL26,Debbie Mucarsel-Powell ,"$6,793,521",9.89,671.88,48.3,N,Y,80.76
FL27,Maria Salazar ,"$3,654,190",42.66,1558.88,51.4,Y,N,53.72
FL27,Donna Shalala ,"$3,842,907",34.95,1343.1,48.6,N,Y,46.28
GA01,Buddy Carter ,"$2,315,487",65.26,1511.09,58.3,Y,Y,97.71
GA01,Joyce Griggs ,"$130,043",27.21,35.38,41.7,N,N,2.29
GA02,Sanford Bishop ,"$1,540,683",26.18,403.35,59.1,Y,Y,76.84
GA02,Don Cole ,"$164,274",73.99,121.55,40.9,N,N,23.16
GA05,Nikema Williams ,"$553,964",48.79,270.28,85.1,Y,N,88.62
GA05,Angela Stanton-King ,"$305,279",11.37,34.71,14.9,N,N,11.38
GA06,Lucy McBath ,"$8,507,298",9.56,813.3,54.6,Y,Y,48.04
GA06,Karen Handel ,"$3,026,243",29.07,879.73,45.4,N,N,51.96
GA07,Carolyn Bourdeaux ,"$5,133,244",3,154,51.4,Y,N,28.26
GA07,Richard McCormick ,"$2,595,446",15.06,390.87,48.6,N,N,71.74
GA08,Austin Scott ,"$821,745",68.37,561.83,64.5,Y,Y,99.69
GA08,Lindsay Holliday ,"$7,480",23.7,1.77,35.5,N,N,0.31
GA09,Andrew Clyde ,"$1,569,425",61.92,971.79,78.6,Y,N,98.06
GA09,Devin Pandy ,"$84,272",22.82,19.23,21.4,N,N,1.94
GA10,Jody Hice ,"$595,947",64.81,386.23,62.3,Y,Y,98.03
GA10,Tabitha Johnson-Green ,"$14,808",52.55,7.78,37.7,N,N,1.97
GA11,Barry Loudermilk ,"$877,767",53.63,470.75,60.4,Y,Y,86.7
GA11,Dana Barrett ,"$404,625",17.85,72.23,39.6,N,N,13.3
GA12,Richard W Allen ,"$1,228,970",70.55,867.04,58.4,Y,Y,96.35
GA12,Liz Johnson ,"$72,061",45.58,32.85,41.6,N,N,3.65
GA13,David Scott ,"$1,209,614",0.8,9.68,77.4,Y,Y,47.87
GA13,Becky Hites ,"$63,509",16.59,10.54,22.6,N,N,52.13
HI01,Ed Case ,"$508,249",46.89,238.32,72,N,Y,97.17
HI01,Ron Curtis ,"$12,538",55.25,6.93,28,N,N,2.83
HI02,Kai Kahele ,"$1,235,523",31.68,391.41,63,Y,N,88.71
HI02,Joe Akana ,"$54,534",91.37,49.83,30.9,N,N,11.29
ID01,Russ Fulcher ,"$575,485",32.79,188.7,67.8,Y,Y,73.29
ID01,Rudy Soto ,"$302,902",22.7,68.76,28.6,N,N,26.71
ID02,Mike Simpson ,"$1,008,847",21.14,213.27,64.1,Y,Y,76.41
ID02,Aaron Swisher ,"$70,674",93.15,65.83,31.7,N,N,23.59
IL03,Marie Newman ,"$2,802,093",4.5,126.09,56.4,Y,N,72.93
IL03,Mike Fricilone ,"$128,458",36.43,46.8,43.6,N,N,27.07
IL04,Jesus Garcia ,"$822,846",3.35,27.57,84.1,Y,Y,100
IL04,Jesus Solorio Jr ,"$2,065",0,0,15.9,N,N,0
IL06,Sean Casten ,"$5,582,179",28.47,1589.25,52.8,Y,Y,62.7
IL06,Jeanne Ives ,"$3,157,771",29.94,945.44,45.4,N,N,37.3
IL10,Brad Schneider ,"$3,459,512",26.82,927.84,63.9,Y,Y,100
IL10,Valerie Ramirez Mukherjee ,"$130,225",0,0,36.1,N,N,0
IL11,Bill Foster ,"$2,381,354",3.25,77.39,63.3,Y,Y,89.45
IL11,Rick Laib ,"$20,343",44.89,9.13,36.7,N,N,10.55
IL12,Mike Bost ,"$1,918,041",63.96,1226.78,60.4,Y,Y,90.63
IL12,Ray Lenzi ,"$161,324",78.61,126.82,39.6,N,N,9.37
IL13,Rodney Davis ,"$4,943,459",32.99,1630.85,54.5,Y,Y,58.95
IL13,Betsy Dirksen Londrigan ,"$5,297,007",21.44,1135.68,45.5,N,N,41.05
IL14,Lauren A Underwood ,"$7,803,579",12.48,973.89,50.7,Y,Y,74.85
IL14,Jim Oberweis ,"$2,438,857",13.42,327.29,49.3,N,N,25.15
IL15,Mary Miller ,"$689,057",50.4,347.28,73.4,Y,N,89.82
IL15,Erika Weaver ,"$58,689",67.07,39.36,26.6,N,N,10.18
IL16,Adam Kinzinger ,"$2,105,736",14.57,306.81,64.7,Y,Y,72.62
IL16,Dani Brzozowski ,"$459,344",25.18,115.66,35.3,N,N,27.38
IL17,Cheri Bustos ,"$4,975,192",12.08,601,52,Y,Y,48
IL17,Esther Joy King ,"$2,032,878",32.03,651.13,48,N,N,52
IN02,Jackie Walorski ,"$2,383,467",57.43,1368.83,61.5,Y,Y,67.37
IN02,Pat Hackett ,"$881,888",75.18,663,38.5,N,N,32.63
IN03,Jim Banks ,"$1,202,509",67.01,805.8,67.8,Y,Y,93.7
IN03,Chip Coldiron ,"$94,056",57.62,54.2,32.2,N,N,6.3
IN04,Jim Baird ,"$327,727",28.43,93.17,66.6,Y,Y,74.73
IN04,Joe Mackey ,"$44,585",70.67,31.51,33.4,N,N,25.27
IN05,Victoria Spartz ,"$3,119,328",47.39,1478.25,50,Y,N,54.78
IN05,Christina Hale ,"$4,010,368",30.43,1220.35,45.9,N,N,45.22
IN06,Greg Pence ,"$3,114,448",16.88,525.72,68.7,Y,Y,90.81
IN06,Jeannine Lee Lake ,"$143,089",37.2,53.23,27.8,N,N,9.19
IN07,Andre Carson ,"$1,011,635",25.25,255.44,62.4,Y,Y,87.6
IN07,Susan Marie Smith ,"$62,905",57.5,36.17,37.6,N,N,12.4
IN08,Larry Bucshon ,"$1,051,336",55.55,584.02,66.9,Y,Y,93.15
IN08,Thomasina Marsili ,"$68,734",62.52,42.97,29.8,N,N,6.85
IN09,Trey Hollingsworth ,"$1,166,754",27.42,319.92,60.9,Y,Y,73.85
IN09,Andy Ruff ,"$148,263",76.39,113.26,34.8,N,N,26.15
IA01,Ashley Hinson ,"$5,175,883",32.55,1684.75,51.3,Y,N,74.27
IA01,Abby Finkenauer ,"$5,901,441",9.89,583.65,48.7,N,Y,25.73
IA02,Mariannette Miller-Meeks ,"$2,174,194",31.65,688.13,50,Y,N,39.79
IA02,Rita Hart ,"$4,232,992",24.6,1041.32,50,N,N,60.21
IA03,Cindy Axne ,"$6,236,976",34.13,2128.68,49,Y,Y,54.42
IA03,David Young ,"$3,170,072",56.24,1782.85,47.6,N,N,45.58
IA04,Randy Feenstra ,"$1,906,234",37.01,705.5,62.1,Y,N,59.27
IA04,J.D. Scholten ,"$2,885,915",16.8,484.83,37.9,N,N,40.73
KS01,Tracey Mann ,"$1,403,353",58.03,814.37,71.2,Y,N,77.98
KS01,Kali Barnett ,"$603,036",38.13,229.94,28.8,N,N,22.02
KS03,Sharice Davids ,"$5,638,552",37.15,2094.72,53.6,Y,Y,66.16
KS03,Amanda Adkins ,"$2,182,382",49.09,1071.33,43.6,N,N,33.84
KS04,Ron Estes ,"$1,993,808",58.92,1174.75,63.7,Y,Y,93.64
KS04,Laura Lombard ,"$264,459",30.16,79.76,36.3,N,N,6.36
KY02,Brett Guthrie ,"$1,412,797",37.23,525.98,71,Y,Y,97.41
KY02,Hank Linderman ,"$93,388",14.97,13.98,26.3,N,N,2.59
KY04,Thomas Massie ,"$1,457,316",30.54,445.06,67.1,Y,Y,87.51
KY04,Alexandra Owensby ,"$156,174",40.67,63.52,32.9,N,N,12.49
KY06,Andy Barr ,"$4,536,264",49.89,2263.14,57.3,Y,Y,73.57
KY06,Josh Hicks ,"$2,936,320",27.69,813.07,41,N,N,26.43
LA04,Mike Johnson ,"$1,299,787",77.14,1002.66,60.4,Y,Y,97.3
LA04,Kenny Houston ,"$33,677",82.59,27.81,25.5,N,N,2.7
LA05,Luke Letlow ,"$1,392,822",58.2,810.62,33.1,N,N,87.8
LA05,Candy Christophe ,"$77,101",89.24,68.8,16.4,N,N,7.45
LA05,Martin Lemelle ,"$173,796",25.2,43.8,10.4,N,N,4.74
LA06,Garret Graves ,"$1,743,015",50.52,880.57,71,Y,Y,93.39
LA06,Dartanyon Williams ,"$111,316",55.95,62.28,25.5,N,N,6.61
ME01,Chellie Pingree ,"$487,080",67.47,328.63,62.2,Y,Y,84.35
ME01,Jay Allen ,"$79,585",76.63,60.99,37.8,N,N,15.65
ME02,Jared Golden ,"$5,272,142",14.8,780.28,53,Y,Y,63.72
ME02,Dale Crafts ,"$1,199,805",37.03,444.29,47,N,N,36.28
MD01,Andy Harris ,"$1,468,096",42.47,623.5,63.6,Y,Y,99.79
MD01,Mia Mason ,"$2,524",52.59,1.33,36.4,N,N,0.21
MD02,Dutch Ruppersberger ,"$1,012,835",6.87,69.58,67.9,Y,Y,68.93
MD02,Johnny Ray Salling ,"$68,320",45.91,31.37,32.1,N,N,31.07
MD03,John Sarbanes ,"$573,599",16,91.78,69.9,Y,Y,98.36
MD03,Charles Anthony ,"$7,798",19.67,1.53,30.1,N,N,1.64
MD05,Steny H Hoyer ,"$4,587,189",11.02,505.51,68.9,Y,Y,94.34
MD05,Chris Palombi ,"$43,462",69.78,30.33,31.1,N,N,5.66
MD06,David Trone ,"$2,944,893",14.35,422.59,58.9,Y,Y,63.62
MD06,Neil Parrott ,"$315,936",76.48,241.63,39.2,N,N,36.38
MD07,Kweisi Mfume ,"$1,014,126",19.24,195.12,71.9,Y,Y,66.21
MD07,Kimberly Klacik ,"$8,296,845",1.2,99.56,28.1,N,N,33.79
MD08,Jamie Raskin ,"$2,072,652",55.83,1157.16,68.4,Y,Y,99.29
MD08,Gregory Coll ,"$30,876",26.75,8.26,31.6,N,N,0.71
MA02,James P McGovern ,"$1,052,549",38.82,408.6,65.4,Y,Y,95.66
MA02,Tracy Lovvorn ,"$26,311",70.44,18.53,34.6,N,N,4.34
MA04,Jake Auchincloss ,"$2,608,686",44.93,1172.08,61,Y,N,93.98
MA04,Julie Hall ,"$131,603",57.05,75.08,39,N,N,6.02
MA05,Katherine Clark ,"$1,788,706",29.4,525.88,74.4,Y,Y,82.75
MA05,Caroline Colarusso ,"$148,635",73.76,109.63,25.6,N,N,17.25
MA06,Seth Moulton ,"$1,289,805",17.2,221.85,65.5,Y,Y,58.96
MA06,John Paul Moran ,"$300,220",51.43,154.4,34.5,N,N,41.04
MA09,Bill Keating ,"$708,680",46.45,329.18,61.3,Y,Y,98.09
MA09,Helen Brady ,"$28,233",22.75,6.42,36.4,N,N,1.91
MI01,John Bergman ,"$1,868,512",37.75,705.36,61.6,Y,Y,76.38
MI01,Dana Ferguson ,"$346,213",63.01,218.15,36.8,N,N,23.62
MI02,Bill Huizenga ,"$2,175,411",29.94,651.32,59.2,Y,Y,54.3
MI02,Bryan Berghoef ,"$751,576",72.94,548.2,38.2,N,N,45.7
MI03,Peter Meijer ,"$2,975,972",62.8,1868.91,53,Y,N,73.38
MI03,Hillary Scholten ,"$3,793,132",17.87,677.83,47,N,N,26.62
MI04,John Moolenaar ,"$1,528,612",45.14,690.02,65,Y,Y,97.23
MI04,Jerry Hilliard ,"$23,117",85.07,19.67,32.4,N,N,2.77
MI05,Dan Kildee ,"$1,669,951",42.12,703.38,54.5,Y,Y,93.34
MI05,Tim Kelly ,"$71,106",70.62,50.22,41.8,N,N,6.66
MI06,Fred Upton ,"$3,616,380",30.23,1093.23,55.9,Y,Y,47.86
MI06,Jon Hoadley ,"$3,116,491",38.21,1190.81,40.2,N,N,52.14
MI07,Tim Walberg ,"$2,301,635",49.2,1132.4,58.8,Y,Y,72.78
MI07,Gretchen Driskell ,"$1,712,840",24.73,423.59,41.2,N,N,27.22
MI08,Elissa Slotkin ,"$8,967,420",14.24,1276.96,50.9,Y,Y,79.05
MI08,Paul Junge ,"$2,107,608",16.06,338.48,47.3,N,N,20.95
MI10,Lisa McClain ,"$2,266,287",33.74,764.65,66.3,Y,N,97.43
MI10,Kimberly Bizon ,"$41,438",48.66,20.16,33.7,N,N,2.57
MI11,Haley Stevens ,"$5,776,924",17.3,999.41,50.2,Y,Y,75.49
MI11,Eric Esshaki ,"$1,298,612",24.99,324.52,47.8,N,N,24.51
MI12,Debbie Dingell ,"$1,630,498",29.3,477.74,66.4,Y,Y,98.43
MI12,Jeff Jones ,"$10,616",72.01,7.64,30.7,N,N,1.57
MN01,Jim Hagedorn ,"$2,386,033",36.93,881.16,48.6,Y,Y,51.5
MN01,Daniel Feehan ,"$4,861,651",17.07,829.88,45.6,N,N,48.5
MN02,Angie Craig ,"$5,380,101",19.14,1029.75,48.2,Y,Y,69.1
MN02,Tyler Kistner ,"$2,990,054",15.4,460.47,46,N,N,30.9
MN03,Dean Phillips ,"$2,328,616",42.72,994.78,55.6,Y,Y,44.61
MN03,Kendall Qualls ,"$1,863,927",66.27,1235.22,44.4,N,N,55.39
MN06,Tom Emmer ,"$2,804,265",13.33,373.81,65.8,Y,Y,90.95
MN06,Tawnja Zahradka ,"$49,242",75.54,37.2,34.2,N,N,9.05
MN07,Michelle Fischbach ,"$2,618,450",11.67,305.57,53.4,Y,N,45.57
MN07,Collin Peterson ,"$2,714,012",13.45,365.03,39.9,N,Y,54.43
MN08,Pete Stauber ,"$2,593,190",40.09,1039.61,56.8,Y,Y,64.15
MN08,Quinn Nystrom ,"$1,530,606",37.96,581.02,37.6,N,N,35.85
MS01,Trent Kelly ,"$876,882",51.38,450.54,68.7,Y,Y,97.25
MS01,Antonia Eliason ,"$22,281",57.17,12.74,31.3,N,N,2.75
MO04,Vicky Hartzler ,"$1,700,978",32.54,553.5,67.6,Y,Y,78.97
MO04,Lindsey Simmons ,"$395,934",37.22,147.37,29.7,N,N,21.03
MO05,Emanuel Cleaver ,"$1,393,847",37.04,516.28,58.8,Y,Y,91.23
MO05,Ryan Derks ,"$76,488",64.85,49.6,38.6,N,N,8.77
MO06,Sam Graves ,"$1,959,516",22.04,431.88,67.1,Y,Y,98.26
MO06,Gena Ross ,"$10,170",75.15,7.64,30.8,N,N,1.74
MO08,Jason Smith ,"$1,900,227",47.64,905.27,76.9,Y,Y,88.06
MO08,Kathryn Ellis ,"$302,428",40.58,122.73,21.4,N,N,11.94
NE01,Jeff Fortenberry ,"$1,472,816",41.01,604,59.5,Y,Y,44.22
NE01,Kate Bolz ,"$1,143,509",66.62,761.81,37.7,N,N,55.78
NE02,Don Bacon ,"$3,749,272",45.4,1702.17,50.8,Y,Y,65.17
NE02,Kara Eastman ,"$4,414,390",20.61,909.81,46.2,N,N,34.83
NE03,Adrian Smith ,"$1,506,473",35.99,542.18,78.5,Y,Y,99.99
NE03,Mark Elworth Jr ,$255,28.41,0.07,17.7,N,N,0.01
NV02,Mark Amodei ,"$1,048,056",76.73,804.17,56.5,Y,Y,71.03
NV02,Patricia Ackerman ,"$449,363",72.98,327.95,40.7,N,N,28.97
NV03,Susie Lee ,"$4,748,019",24.06,1142.37,48.8,Y,Y,60.14
NV03,Dan Rodimer ,"$2,936,059",25.79,757.21,45.8,N,N,39.86
NV04,Steven Horsford ,"$3,492,372",8.36,291.96,50.7,Y,Y,79.49
NV04,Jim Marchant ,"$1,462,772",5.15,75.33,45.8,N,N,20.51
NH01,Chris Pappas ,"$3,205,731",35.43,1135.79,51.3,Y,Y,73.5
NH01,Matt Mowers ,"$1,707,214",23.99,409.56,46.2,N,N,26.5
NJ01,Don Norcross ,"$2,221,989",41.41,920.13,62.5,Y,Y,99.15
NJ01,Claire Gustafson ,"$36,520",21.64,7.9,37.5,N,N,0.85
NJ02,Jeff Van Drew ,"$4,229,171",37.92,1603.7,51.9,Y,Y,71.73
NJ02,Amy Kennedy ,"$4,984,376",12.68,632.02,46.2,N,N,28.27
NJ03,Andy Kim ,"$7,241,283",21.42,1551.08,53.2,Y,Y,76.64
NJ03,David Richter ,"$1,473,669",32.09,472.9,45.5,N,N,23.36
NJ05,Josh Gottheimer ,"$7,694,027",20.51,1578.04,53.2,Y,Y,59.38
NJ05,Frank Pallotta ,"$1,972,033",54.74,1079.49,45.6,N,N,40.62
NJ09,Bill Pascrell Jr. ,"$1,560,550",25.84,403.25,65.8,Y,Y,95.56
NJ09,Billy Prempeh ,"$44,269",42.36,18.75,31.9,N,N,4.44
NJ11,Mikie Sherrill ,"$6,419,707",36.38,2335.49,53.3,Y,Y,75.73
NJ11,Rosemary Becchi ,"$1,687,532",44.36,748.59,46.7,N,N,24.27
NJ12,Bonnie Watson Coleman ,"$798,439",47.83,381.89,65.6,Y,Y,100
NJ12,Mark Razzoli ,"$3,065",0,0,32.6,N,N,0
NM01,Debra Haaland ,"$2,246,734",26.88,603.92,58.2,Y,Y,76.03
NM01,Michelle Garcia Holmes ,"$257,294",74,190.4,41.8,N,N,23.97
NM02,Yvette Herrell ,"$2,805,711",53.4,1498.25,53.7,Y,N,59.2
NM02,Xochitl Torres Small ,"$8,387,337",12.31,1032.48,46.3,N,Y,40.8
NM03,Teresa Leger Fernandez ,"$2,296,594",48.13,1105.35,58.7,Y,N,91.93
NM03,Alexis Johnson ,"$147,303",65.88,97.04,41.3,N,N,8.07
NY01,Lee Zeldin ,"$8,396,981",22.41,1881.76,54.9,Y,Y,44.09
NY01,Nancy Goroff ,"$7,866,239",30.34,2386.62,45.1,N,N,55.91
NY02,Andrew Garbarino ,"$1,743,986",36.82,642.14,52.9,Y,N,67.11
NY02,Jackie Gordon ,"$4,351,881",7.23,314.64,46,N,N,32.89
NY03,Tom Suozzi ,"$2,941,006",52.68,1549.32,56,Y,Y,91.42
NY03,George Devolder-Santos ,"$658,883",22.08,145.48,43.5,N,N,8.58
NY04,Kathleen Rice ,"$1,106,258",18.63,206.1,56.1,Y,Y,84.95
NY04,Douglas Tuman ,"$134,937",27.05,36.5,43,N,N,15.05
NY06,Grace Meng ,"$1,292,084",17.39,224.69,68,Y,Y,86
NY06,Thomas Zmich ,"$133,403",27.41,36.57,32,N,N,14
NY10,Jerrold Nadler ,"$1,848,688",30.5,563.85,74.6,Y,Y,99.2
NY10,Cathy Bernstein ,"$49,975",9.11,4.55,24.2,N,N,0.8
NY11,Nicole Malliotakis ,"$3,469,995",34.79,1207.21,53.1,Y,N,56.33
NY11,Max Rose ,"$9,284,434",10.08,935.87,46.9,N,Y,43.67
NY13,Adriano Espaillat ,"$1,087,237",8.09,87.96,90.9,Y,Y,99.64
NY13,Lovelynn Gwinn ,"$39,384",0.82,0.32,7.8,N,N,0.36
NY14,Alexandria Ocasio-Cortez ,"$20,664,795",1.08,223.18,71.6,Y,Y,74.66
NY14,John C. Cummings ,"$11,140,937",0.68,75.76,27.4,N,N,25.34
NY17,Mondaire Jones ,"$2,984,052",28.18,840.91,59.3,Y,N,96.97
NY17,Maureen McArdle Schulman ,"$54,732",48.03,26.29,35.3,N,N,3.03
NY18,Sean Patrick Maloney ,"$2,556,294",27.82,711.16,55.8,Y,Y,79.86
NY18,Chele Farley ,"$1,186,211",15.12,179.36,43.3,N,N,20.14
NY19,Antonio Delgado ,"$5,949,475",29.49,1754.5,54.8,Y,Y,94.94
NY19,Kyle Van De Water ,"$153,796",60.81,93.52,43.2,N,N,5.06
NY20,Paul Tonko ,"$1,541,984",64.51,994.73,61.2,Y,Y,78.42
NY20,Elizabeth Joy ,"$370,852",73.82,273.76,38.8,N,N,21.58
NY21,Elise Stefanik ,"$13,287,248",7.2,956.68,58.8,Y,Y,37.21
NY21,Tedra Cobb ,"$5,586,793",28.9,1614.58,41.2,N,N,62.79
NY22,Claudia Tenney ,"$3,051,777",21.28,649.42,49,N,N,28.29
NY22,Anthony Brindisi ,"$6,020,190",27.34,1645.92,48.9,N,Y,71.71
NY23,Tom Reed ,"$3,275,177",21.3,697.61,57.7,Y,Y,36.44
NY23,Tracy Mitrano ,"$1,450,322",83.91,1216.97,41.1,N,N,63.56
NY24,John Katko ,"$3,821,107",38.51,1471.51,53.2,Y,Y,53.43
NY24,Dana Balter ,"$3,212,469",39.92,1282.42,43,N,N,46.57
NY25,Joseph D Morelle ,"$1,375,366",47.81,657.56,59.3,Y,Y,76.75
NY25,George Mitris ,"$301,376",66.11,199.24,39.1,N,N,23.25
NC01,G K Butterfield ,"$1,032,869",8.99,92.85,54.2,Y,Y,60.31
NC01,Sandy Smith ,"$1,458,375",4.19,61.11,45.8,N,N,39.69
NC02,Deborah Ross ,"$2,268,381",3.29,74.63,63,Y,N,86.09
NC02,Alan Swain ,"$119,664",10.08,12.06,34.8,N,N,13.91
NC05,Virginia Foxx ,"$1,858,388",18.99,352.91,66.9,Y,Y,96.48
NC05,David Wilson Brown ,"$61,596",20.9,12.87,31.1,N,N,3.52
NC06,Kathy Manning ,"$2,002,284",27.18,544.22,62.3,Y,N,93.69
NC06,Lee Haywood ,"$73,878",49.63,36.67,37.7,N,N,6.31
NC07,David Rouzer ,"$1,628,458",47.17,768.14,60.3,Y,Y,98.7
NC07,Christopher Ward ,"$16,260",62.22,10.12,39.7,N,N,1.3
NC08,Richard Hudson ,"$4,135,872",12.75,527.32,53.3,Y,Y,87.3
NC08,Patricia Timmons-Goodson ,"$3,855,743",1.99,76.73,46.7,N,N,12.7
NC09,Dan Bishop ,"$4,090,260",40.73,1665.96,55.6,Y,Y,84.52
NC09,Cynthia Wallace ,"$811,609",37.6,305.16,44.4,N,N,15.48
NC10,Patrick McHenry ,"$2,780,234",3.99,110.93,68.9,Y,Y,94.72
NC10,David Parker ,"$30,555",20.22,6.18,31.1,N,N,5.28
NC11,Madison Cawthorn ,"$4,478,970",12.86,576,54.5,Y,N,50.71
NC11,Moe Davis ,"$2,251,413",24.87,559.93,42.3,N,N,49.29
NC13,Ted Budd ,"$2,294,174",4.67,107.14,68.2,Y,Y,90.84
NC13,Scott Huffman ,"$193,334",5.59,10.81,31.8,N,N,9.16
OH01,Steve Chabot ,"$3,177,647",31.43,998.73,51.8,Y,Y,62.58
OH01,Kate Schroder ,"$4,040,303",14.78,597.16,44.6,N,N,37.42
OH02,Brad Wenstrup ,"$1,794,354",59.35,1064.95,61.1,Y,Y,88.79
OH02,Jaime Castle ,"$284,197",47.29,134.4,38.9,N,N,11.21
OH06,Bill Johnson ,"$1,866,123",52.75,984.38,74.4,Y,Y,99.99
OH06,Shawna Roberts ,$262,32.59,0.09,25.6,N,N,0.01
OH07,Bob Gibbs ,"$791,888",43.92,347.8,67.5,Y,Y,96.94
OH07,Quentin Potter ,"$12,976",84.51,10.97,29.2,N,N,3.06
OH08,Warren Davidson ,"$1,016,740",56.51,574.56,69,Y,Y,97.32
OH08,Vanessa Enoch ,"$40,270",39.36,15.85,31,N,N,2.68
OH09,Marcy Kaptur ,"$1,090,395",8.13,88.65,63.1,Y,Y,58.66
OH09,Rob Weber ,"$134,898",46.31,62.47,36.9,N,N,41.34
OH10,Michael R Turner ,"$1,752,255",46.1,807.79,58.4,Y,Y,66.26
OH10,Desiree Tims ,"$2,040,760",20.16,411.42,41.6,N,N,33.74
OH12,Troy Balderson ,"$2,016,826",43.3,873.29,55.2,Y,Y,69.91
OH12,Alaina Shearer ,"$1,033,711",36.37,375.96,41.8,N,N,30.09
OH13,Tim Ryan ,"$1,972,446",17.08,336.89,52.5,Y,Y,70.99
OH13,Christina Hagan ,"$861,723",15.98,137.7,44.9,N,N,29.01
OH14,David P Joyce ,"$2,917,696",43.54,1270.36,60.1,Y,Y,89.27
OH14,Hillary O'Connor Mueri ,"$579,877",26.34,152.74,39.9,N,N,10.73
OH15,Steve Stivers ,"$3,004,799",21.75,653.54,63.4,Y,Y,95.4
OH15,Joel Newby ,"$55,797",56.46,31.5,36.6,N,N,4.6
OK01,Kevin Hern ,"$1,094,104",50.25,549.79,63.7,Y,Y,85.34
OK01,Kojo Asamoa-Caesar ,"$157,355",60,94.41,32.7,N,N,14.66
OK02,Markwayne Mullin ,"$1,660,206",24.23,402.27,75,Y,Y,96.86
OK02,Danyell Lanier ,"$41,730",31.24,13.04,22,N,N,3.14
OK04,Tom Cole ,"$1,812,530",10.84,196.48,67.8,Y,Y,100.22
OK04,Mary Brannon ,"-$2,084",20.83,-0.43,28.8,N,N,-0.22
OK05,Stephanie Bice ,"$3,720,520",50.97,1896.35,52.1,Y,N,47.94
OK05,Kendra Horn ,"$5,949,800",34.61,2059.23,47.9,N,Y,52.06
OR01,Suzanne Bonamici ,"$959,223",49.54,475.2,64.7,Y,Y,99.98
OR01,Chris Christensen ,$144,73.33,0.11,35.3,N,N,0.02
OR02,Cliff Bentz ,"$1,450,780",61.61,893.83,59.9,Y,N,99.1
OR02,Alex Spenser ,"$20,640",39.27,8.11,37,N,N,0.9
OR03,Earl Blumenauer ,"$1,813,365",26.09,473.11,73.1,Y,Y,98.09
OR03,Joanna Harbour ,"$17,681",52.05,9.2,23.5,N,N,1.91
OR04,Peter DeFazio ,"$5,182,843",38.28,1983.99,51.6,Y,Y,65.29
OR04,Alek Skarlatos ,"$5,454,621",19.34,1054.92,46.3,N,N,34.71
OR05,Kurt Schrader ,"$2,018,692",14.29,288.47,52,Y,Y,80.11
OR05,Amy Ryan Courser ,"$231,624",30.92,71.62,45.2,N,N,19.89
PA01,Brian Fitzpatrick ,"$4,203,825",1.68,70.62,56.6,Y,Y,25.03
PA01,Christina Finello ,"$2,336,814",9.05,211.48,43.4,N,N,74.97
PA04,Madeleine Dean ,"$1,435,995",13.6,195.3,59.5,Y,Y,78.08
PA04,Kathy Barnette ,"$1,000,389",5.48,54.82,40.5,N,N,21.92
PA05,Mary Gay Scanlon ,"$1,455,042",21.76,316.62,64.7,Y,Y,95.51
PA05,Dasha Pruett ,"$105,146",14.17,14.9,35.3,N,N,4.49
PA06,Chrissy Houlahan ,"$3,484,484",26.07,908.4,56.1,Y,Y,73.36
PA06,John Emmons ,"$608,859",54.19,329.94,43.9,N,N,26.64
PA08,Matt Cartwright ,"$3,885,136",4.61,179.1,51.8,Y,Y,83.38
PA08,Jim Bognet ,"$1,519,527",2.35,35.71,48.2,N,N,16.62
PA09,Dan Meuser ,"$1,071,961",1.46,15.65,66.3,Y,Y,41.42
PA09,Gary Wegman ,"$188,787",11.72,22.13,33.7,N,N,58.58
PA10,Scott Perry ,"$3,956,481",3.24,128.19,55.6,N,Y,34.74
PA10,Eugene DePasquale ,"$4,534,580",5.31,240.79,44.4,N,N,65.26
PA11,Lloyd Smucker ,"$1,349,318",4.83,65.17,63.1,Y,Y,95.04
PA11,Sarah Hammond ,"$28,733",11.84,3.4,36.9,N,N,4.96
PA12,Fred Keller ,"$1,541,938",7.81,120.43,70.8,Y,Y,97.1
PA12,Lee Griffin ,"$45,850",7.86,3.6,29.2,N,N,2.9
PA13,John Joyce ,"$1,119,769",1.17,13.1,73.5,Y,Y,68.62
PA13,Todd Rowley ,"$60,348",9.93,5.99,26.5,N,N,31.38
PA14,Guy Reschenthaler ,"$2,250,282",9.6,216.03,64.7,Y,Y,94.64
PA14,Bill Marx ,"$60,403",20.27,12.24,35.3,N,N,5.36
PA16,Mike Kelly ,"$2,239,488",8.06,180.5,59.3,Y,Y,70.35
PA16,Kristy Gnibus ,"$584,205",13.02,76.06,40.7,N,N,29.65
PA17,Conor Lamb ,"$4,063,114",2.96,120.27,51.1,Y,Y,57.48
PA17,Sean Parnell ,"$3,935,774",2.26,88.95,48.9,N,N,42.52
RI02,Jim Langevin ,"$1,102,312",31.79,350.42,58.4,Y,Y,94.15
RI02,Bob Lancia ,"$55,549",39.18,21.76,41.6,N,N,5.85
SC01,Nancy Mace ,"$5,766,726",30.2,1741.55,50.6,Y,N,38.53
SC01,Joe Cunningham ,"$6,941,746",40.03,2778.78,49.4,N,Y,61.47
SC02,Joe Wilson ,"$1,648,065",25.8,425.2,55.7,Y,Y,57.34
SC02,Adair Boroughs ,"$2,510,526",12.6,316.33,42.6,N,N,42.66
SC03,Jeff Duncan ,"$1,509,647",34.83,525.81,71.3,Y,Y,97.72
SC03,Hosea Cleveland ,"$43,214",28.39,12.27,28.7,N,N,2.28
SC04,William Timmons ,"$977,784",59.75,584.23,61.7,Y,Y,88.47
SC04,Kim Nelson ,"$167,825",45.35,76.11,36.9,N,N,11.53
SC05,Ralph Norman ,"$991,246",73.84,731.94,60.1,Y,Y,84.27
SC05,Moe Brown ,"$480,648",28.43,136.65,39.9,N,N,15.73
SC07,Tom Rice ,"$1,405,738",84.56,1188.69,61.8,Y,Y,94.98
SC07,Melissa Watson ,"$147,623",42.6,62.89,38.2,N,N,5.02
TN01,Diana Harshbarger ,"$2,126,946",37.94,806.96,74.7,Y,N,95.66
TN01,Blair Nicole Walsingham ,"$140,209",26.1,36.59,22.5,N,N,4.34
TN02,Tim Burchett ,"$1,336,276",81.69,1091.6,67.6,Y,Y,64.28
TN02,Renee Hoyos ,"$812,784",74.63,606.58,31.1,N,N,35.72
TN03,Chuck Fleischmann ,"$1,051,653",41.43,435.7,67.3,Y,Y,88.65
TN03,Meg Gorman ,"$85,843",65,55.8,30.5,N,N,11.35
TN07,Mark Green ,"$1,194,960",35.21,420.75,69.9,Y,Y,89.39
TN07,Kiran Sreepada ,"$206,644",24.17,49.95,27.3,N,N,10.61
TN08,David Kustoff ,"$1,641,217",49.19,807.31,68.5,Y,Y,99.07
TN08,Erika Stotts Pearson ,"$19,070",39.83,7.6,29.5,N,N,0.93
TN09,Steve Cohen ,"$607,570",28.8,174.98,77.4,Y,Y,91
TN09,Charlotte Bergmann ,"$99,147",17.45,17.3,20.1,N,N,9
TX02,Dan Crenshaw ,"$19,427,865",3.92,761.57,55.6,Y,Y,58.53
TX02,Sima Ladjevardian ,"$3,832,697",14.08,539.64,42.8,N,N,41.47
TX03,Van Taylor ,"$2,655,327",9.14,242.7,55.1,Y,Y,52.26
TX03,Helane Seikaly ,"$1,635,185",13.56,221.73,42.9,N,N,47.74
TX05,Lance Gooden ,"$1,610,327",26.61,428.51,62,Y,Y,73.04
TX05,Carolyn Salter ,"$317,848",49.76,158.16,35.9,N,N,26.96
TX06,Ron Wright ,"$912,134",14.6,133.17,52.8,Y,Y,54.8
TX06,Stephen Daniel ,"$680,402",16.14,109.82,44,N,N,45.2
TX07,Lizzie Fletcher ,"$6,265,165",34.39,2154.59,50.8,Y,Y,46.07
TX07,Wesley Hunt ,"$7,524,064",33.52,2522.07,47.5,N,N,53.93
TX08,Kevin Brady ,"$3,570,477",29.57,1055.79,72.5,Y,Y,99.17
TX08,Elizabeth Hernandez ,"$17,227",51.22,8.82,25.5,N,N,0.83
TX09,Al Green ,"$460,332",10.79,49.67,75.5,Y,Y,85.05
TX09,Johnny Teague ,"$89,965",9.7,8.73,21.6,N,N,14.95
TX10,Michael McCaul ,"$3,856,477",7.65,295.02,52.5,Y,Y,30.19
TX10,Mike Siegel ,"$2,873,926",23.74,682.27,45.3,N,N,69.81
TX11,August Pfluger ,"$2,578,540",77.34,1994.24,79.7,Y,N,94.83
TX11,Jon Mark Hogg ,"$137,730",78.95,108.74,18.3,N,N,5.17
TX12,Kay Granger ,"$3,161,288",33.53,1059.98,63.7,Y,Y,96.65
TX12,Lisa Welch ,"$98,465",37.27,36.7,33,N,N,3.35
TX13,Ronny Jackson ,"$2,128,271",37.57,799.59,79.4,Y,N,98.22
TX13,Gus Trujillo ,"$22,826",63.37,14.46,18.5,N,N,1.78
TX14,Randy Weber ,"$936,202",74.35,696.07,61.6,Y,Y,91.05
TX14,Adrienne Bell ,"$244,754",27.96,68.43,38.4,N,N,8.95
TX16,Veronica Escobar ,"$1,135,549",66.23,752.07,64.7,Y,Y,86.11
TX16,Irene Armendariz-Jackson ,"$168,997",71.81,121.36,35.3,N,N,13.89
TX17,Pete Sessions ,"$1,447,958",33.92,491.15,55.9,Y,N,81.98
TX17,Rick Kennedy ,"$200,668",53.81,107.98,40.9,N,N,18.02
TX18,Sheila Jackson Lee ,"$924,480",2.63,24.31,73.3,Y,Y,30.02
TX18,Wendell Champion ,"$305,645",18.54,56.67,23.5,N,N,69.98
TX19,Jodey Arrington ,"$2,497,184",65.02,1623.67,74.8,Y,Y,98.23
TX19,Tom Watson ,"$49,405",59.08,29.19,22.9,N,N,1.77
TX20,Joaquin Castro ,"$674,061",6.88,46.38,64.7,Y,Y,17.05
TX20,Mauro Garza ,"$263,293",85.71,225.67,33.1,N,N,82.95
TX21,Chip Roy ,"$5,005,639",23.12,1157.3,52,Y,Y,48.55
TX21,Wendy Davis ,"$10,263,486",11.95,1226.49,45.4,N,N,51.45
TX22,Troy Nehls ,"$1,806,655",54.17,978.67,51.5,Y,N,55.46
TX22,Sri Kulkarni ,"$5,639,061",13.94,786.09,44.6,N,N,44.54
TX23,Tony Gonzales ,"$2,797,133",20.32,568.38,50.6,Y,N,84.36
TX23,Gina Ortiz Jones ,"$6,755,222",1.56,105.38,46.6,N,N,15.64
TX24,Beth Van Duyne ,"$3,410,852",23.61,805.3,48.8,Y,N,76.44
TX24,Candace Valenzuela ,"$4,886,999",5.08,248.26,47.5,N,N,23.56
TX25,Roger Williams ,"$2,435,121",7.32,178.25,55.9,Y,Y,19.41
TX25,Julie Oliver ,"$2,190,347",33.79,740.12,42.1,N,N,80.59
TX26,Michael Burgess ,"$1,806,588",22.89,413.53,60.6,Y,Y,85.44
TX26,Carol Iannuzzi ,"$95,937",73.48,70.49,37.3,N,N,14.56
TX27,Michael Cloud ,"$1,014,427",74.54,756.15,63.1,Y,Y,99.87
TX27,Ricardo De La Fuente ,"$312,096",0.31,0.97,34.9,N,N,0.13
TX28,Henry Cuellar ,"$2,655,317",31.78,843.86,58.3,Y,Y,98.72
TX28,Sandra Whitten ,"$24,760",44.21,10.95,39,N,N,1.28
TX29,Sylvia Garcia ,"$818,984",3.34,27.35,71.1,Y,Y,98.95
TX29,Jaimy Blanco ,"$4,378",6.68,0.29,27.4,N,N,1.05
TX31,John Carter ,"$2,160,187",41.79,902.74,53.5,Y,Y,86.16
TX31,Donna Imam ,"$1,035,222",14.01,145.03,44.3,N,N,13.84
TX32,Colin Allred ,"$5,667,725",34.55,1958.2,51.9,Y,Y,40.73
TX32,Genevieve Collins ,"$5,923,081",48.11,2849.59,45.9,N,N,59.27
TX33,Marc Veasey ,"$1,621,929",0.31,5.03,66.8,Y,Y,77.86
TX33,Fabian Cordova Vasquez ,"$36,692",3.9,1.43,25.2,N,N,22.14
TX34,Filemon Vela ,"$983,026",27.18,267.19,55.4,Y,Y,93.1
TX34,Rey Gonzalez ,"$37,118",53.38,19.81,41.8,N,N,6.9
TX35,Lloyd Doggett ,"$1,336,576",12.68,169.48,65.4,Y,Y,99.4
TX35,Jennifer Sharon ,"$19,011",5.35,1.02,29.9,N,N,0.6
TX36,Brian Babin ,"$1,345,351",41.14,553.48,73.6,Y,Y,98.34
TX36,Brandon Rashad Lewis ,"$21,714",42.96,9.33,24.3,N,N,1.66
UT01,Blake Moore ,"$844,377",17.68,149.29,69.6,Y,N,84.38
UT01,Darren Parry ,"$41,218",67.04,27.63,30.4,N,N,15.62
UT02,Chris Stewart ,"$835,139",35.92,299.98,59,Y,Y,58.13
UT02,John Kael Weston ,"$344,774",62.67,216.07,36.6,N,N,41.87
UT03,John Curtis ,"$874,311",59.56,520.74,68.8,Y,Y,94.07
UT03,Devin Thorpe ,"$191,412",17.16,32.85,26.8,N,N,5.93
UT04,Burgess Owens ,"$5,129,475",5.1,261.6,47.7,Y,N,35.85
UT04,Ben McAdams ,"$5,613,542",8.34,468.17,46.7,N,Y,64.15
VA01,Rob Wittman ,"$1,969,785",40.01,788.11,58.2,Y,Y,74.85
VA01,Qasim Rashid ,"$1,559,108",16.98,264.74,41.8,N,N,25.15
VA02,Elaine Luria ,"$6,522,276",16.44,1072.26,51.6,Y,Y,66.08
VA02,Scott Taylor ,"$2,452,292",22.44,550.29,45.9,N,N,33.92
VA03,Bobby Scott ,"$873,126",16.88,147.38,68.5,Y,Y,83.67
VA03,John Collick ,"$167,146",17.21,28.77,31.5,N,N,16.33
VA04,Donald McEachin ,"$961,412",6.55,62.97,61.7,Y,Y,50.96
VA04,Leon Benjamin ,"$545,354",11.11,60.59,38.3,N,N,49.04
VA05,Bob Good ,"$1,373,867",43.1,592.14,52.6,Y,N,24.02
VA05,Cameron Webb ,"$5,755,917",32.54,1872.98,47.4,N,N,75.98
VA06,Ben Cline ,"$892,955",65.36,583.64,64.7,Y,Y,95.69
VA06,Nicholas Betts ,"$56,190",46.74,26.26,35.3,N,N,4.31
VA07,Abigail Spanberger ,"$8,387,680",24.51,2055.82,50.9,Y,Y,67.52
VA07,Nick Freitas ,"$3,629,431",27.25,989.02,49.1,N,N,32.48
VA08,Don Beyer ,"$1,729,482",55.96,967.82,76,Y,Y,92.92
VA08,Jeff Jordan ,"$96,035",76.83,73.78,24,N,N,7.08
VA10,Jennifer Wexton ,"$3,855,331",33.23,1281.13,56.6,Y,Y,67.07
VA10,Aliscia Andrews ,"$1,567,598",40.13,629.08,43.4,N,N,32.93
VA11,Gerry Connolly ,"$1,998,592",33.92,677.92,71.6,Y,Y,94.53
VA11,Manga Anantatmula ,"$282,152",13.91,39.25,28.4,N,N,5.47
WA01,Suzan DelBene ,"$2,182,985",20.9,456.24,58.6,Y,Y,91.11
WA01,Jeffrey Beeler ,"$61,970",71.86,44.53,41.4,N,N,8.89
WA02,Rick Larsen ,"$1,275,127",39.46,503.17,63.2,Y,Y,92.78
WA02,Tim Hazelo ,"$49,478",79.09,39.13,36.8,N,N,7.22
WA03,Jaime Herrera Beutler ,"$4,566,383",44.58,2035.69,56.5,Y,Y,48.12
WA03,Carolyn Long ,"$4,130,540",53.13,2194.56,43.5,N,N,51.88
WA04,Dan Newhouse ,"$1,173,464",58.19,682.84,66.3,Y,Y,93.01
WA04,Doug McKinley ,"$57,666",89.04,51.35,33.7,N,N,6.99
WA05,Cathy McMorris Rodgers ,"$4,349,448",32.22,1401.39,61.4,Y,Y,93.69
WA05,Dave Wilson ,"$109,636",86.11,94.41,38.6,N,N,6.31
WA06,Derek Kilmer ,"$2,524,026",45.4,1145.91,59.4,Y,Y,90.84
WA06,Elizabeth Kreiselmaier ,"$156,123",74.05,115.61,40.6,N,N,9.16
WA08,Kim Schrier ,"$5,422,491",12.54,679.98,51.8,Y,Y,69.44
WA08,Jesse Jensen ,"$852,396",35.11,299.28,48.2,N,N,30.56
WA09,Adam Smith ,"$1,324,761",14.92,197.65,74.3,Y,Y,97.07
WA09,Doug Basler ,"$22,536",26.48,5.97,25.7,N,N,2.93
WA10,Marilyn Strickland ,"$1,812,659",12.07,218.79,58.1,Y,N,30.8
WA10,Beth Doglio ,"$1,477,678",33.26,491.48,41.9,N,N,69.2
WV02,Alex Mooney ,"$2,155,978",11.98,258.29,63.1,Y,Y,51.58
WV02,Catherine Kunkel ,"$641,567",37.8,242.51,36.9,N,N,48.42
WI01,Bryan Steil ,"$3,500,849",31.46,1101.37,59.4,Y,Y,89.68
WI01,Roger Polack ,"$536,228",23.63,126.71,40.6,N,N,10.32
WI02,Mark Pocan ,"$1,290,582",44.32,571.99,69.7,Y,Y,94.17
WI02,Peter Theron ,"$35,753",99.1,35.43,30.3,N,N,5.83
WI03,Ron Kind ,"$2,989,262",29.63,885.72,51.3,Y,Y,68.16
WI03,Derrick Van Orden ,"$1,962,443",21.08,413.68,48.7,N,N,31.84
WI05,Scott Fitzgerald ,"$1,155,721",28.54,329.84,60.1,Y,N,59.92
WI05,Tom Palzewicz ,"$370,392",59.56,220.61,39.9,N,N,40.08
WI06,Glenn S Grothman ,"$1,815,756",44.57,809.28,59.3,Y,Y,80.76
WI06,Jessica King ,"$287,753",67.02,192.85,40.7,N,N,19.24
WI07,Tom Tiffany ,"$2,637,459",50.8,1339.83,60.8,Y,Y,68.57
WI07,Tricia Zunker ,"$1,261,957",48.67,614.19,39.2,N,N,31.43
WI08,Mike Gallagher ,"$3,202,905",29.29,938.13,64.2,Y,Y,80.52
WI08,Amanda Stuck ,"$416,978",54.42,226.92,35.8,N,N,19.48
